first_name,second_name,goals_scored,assists,total_points,minutes,goals_conceded,creativity,influence,threat,bonus,bps,ict_index,clean_sheets,red_cards,yellow_cards,selected_by_percent,now_cost,element_type
Folarin,Balogun,0,0,0,0,0,0.0,0.0,0.0,0,0,0.0,0,0,0,0.6,44,FWD
Cédric,Alves Soares,0,0,0,0,0,0.0,0.0,0.0,0,0,0.0,0,0,0,0.4,40,DEF
Mohamed,Elneny,0,0,0,0,0,0.0,0.0,0.0,0,0,0.0,0,0,0,0.1,44,MID
Fábio,Ferreira Vieira,0,2,7,34,1,15.3,23.0,23.0,0,22,6.1,0,0,0,0.1,54,MID
Gabriel,dos Santos Magalhães,0,0,2,24,0,0.0,13.2,0.0,0,7,1.3,0,0,0,19.7,49,DEF
Kai,Havertz,0,0,5,235,2,67.7,12.8,34.0,0,12,11.4,1,0,1,3.0,74,MID
Rob,Holding,0,0,0,0,0,0.0,0.0,0.0,0,0,0.0,0,0,0,0.2,44,DEF
Gabriel,Fernando de Jesus,0,0,1,1,0,0.3,3.0,35.0,0,1,3.8,0,0,0,1.4,79,FWD
Jorge Luiz,Frello Filho,0,0,2,17,1,7.3,7.8,0.0,0,9,1.5,0,0,0,0.2,54,MID
Jakub,Kiwior,0,0,2,91,2,4.9,16.2,14.0,0,14,3.6,0,0,0,0.1,44,DEF
Marcus,Oliveira Alencar,0,0,0,0,0,0.0,0.0,0.0,0,0,0.0,0,0,0,0.1,45,MID
Gabriel,Martinelli Silva,0,1,10,244,3,58.1,37.6,100.0,0,39,19.6,1,0,0,14.0,80,MID
Eddie,Nketiah,2,1,18,195,1,30.5,58.8,97.0,2,56,18.5,2,0,0,6.9,56,FWD
Martin,Ødegaard,1,0,15,262,2,55.6,68.4,65.0,3,53,18.8,1,0,0,23.1,85,MID
Thomas,Partey,0,0,6,235,2,58.2,53.4,15.0,0,55,12.7,1,0,0,0.4,50,MID
Nicolas,Pépé,0,0,0,0,0,0.0,0.0,0.0,0,0,0.0,0,0,0,0.1,49,MID
Aaron,Ramsdale,0,0,9,270,3,0.0,40.4,0.0,0,45,4.0,1,0,0,17.4,50,GK
Rúnar Alex,Rúnarsson,0,0,0,0,0,0.0,0.0,0.0,0,0,0.0,0,0,0,0.2,40,GK
Bukayo,Saka,2,0,21,268,3,139.7,112.4,134.0,4,78,38.6,1,0,0,66.6,86,MID
William,Saliba,0,1,14,270,3,29.2,77.4,9.0,2,65,11.6,1,0,0,28.3,52,DEF
Albert,Sambi Lokonga,0,0,0,0,0,0.0,0.0,0.0,0,0,0.0,0,0,0,0.0,49,MID
Emile,Smith Rowe,0,0,0,0,0,0.0,0.0,0.0,0,0,0.0,0,0,0,0.1,54,MID
Nuno,Varela Tavares,0,0,0,0,0,0.0,0.0,0.0,0,0,0.0,0,0,0,0.3,40,DEF
Kieran,Tierney,0,0,0,0,0,0.0,0.0,0.0,0,0,0.0,0,0,0,0.3,44,DEF
Takehiro,Tomiyasu,0,0,4,106,1,8.1,10.0,9.0,0,22,2.5,1,1,0,0.2,45,DEF
Leandro,Trossard,0,0,2,62,2,54.7,14.8,10.0,0,18,7.9,0,0,0,2.9,68,MID
Benjamin,White,0,0,9,270,3,43.9,57.2,6.0,1,52,10.7,1,0,1,9.4,55,DEF
Granit,Xhaka,0,0,0,0,0,0.0,0.0,0.0,0,0,0.0,0,0,0,0.0,60,MID
Oleksandr,Zinchenko,0,0,2,35,1,24.7,7.4,4.0,0,13,3.7,0,0,0,5.2,49,DEF
David,Raya Martin,0,0,0,0,0,0.0,0.0,0.0,0,0,0.0,0,0,0,3.1,49,GK
Declan,Rice,0,0,7,270,3,31.3,63.2,33.0,0,58,12.8,1,0,0,5.4,55,MID
Reiss,Nelson,0,0,0,0,0,0.0,0.0,0.0,0,0,0.0,0,0,0,0.0,50,MID
Jurriën,Timber,0,0,0,49,0,2.4,3.6,0.0,0,3,0.6,0,0,1,1.2,48,DEF
Karl,Hein,0,0,0,0,0,0.0,0.0,0.0,0,0,0.0,0,0,0,0.0,40,GK
Alexandre,Moreno Lopera,0,0,0,0,0,0.0,0.0,0.0,0,0,0.0,0,0,0,0.0,50,DEF
Cameron,Archer,0,0,0,5,0,4.3,0.0,0.0,0,-1,0.3,0,0,1,5.0,45,FWD
Leon,Bailey,1,1,15,107,2,17.0,50.2,31.0,3,40,9.8,1,0,0,2.1,55,MID
Emiliano,Buendía Stati,0,0,0,0,0,0.0,0.0,0.0,0,0,0.0,0,0,0,0.1,58,MID
Matty,Cash,2,0,19,266,5,18.1,28.2,11.0,0,73,5.8,1,0,1,8.4,45,DEF
Calum,Chambers,0,0,0,0,0,0.0,0.0,0.0,0,0,0.0,0,0,0,1.3,40,DEF
Philippe,Coutinho Correia,0,0,2,24,1,2.8,4.0,12.0,0,7,1.8,0,0,0,0.4,59,MID
Keinan,Davis,0,0,0,0,0,0.0,0.0,0.0,0,0,0.0,0,0,0,0.3,50,FWD
Leander,Dendoncker,0,0,0,0,0,0.0,0.0,0.0,0,0,0.0,0,0,0,0.0,49,MID
Diego Carlos,Santos Silva,0,0,3,142,3,0.6,24.6,37.0,0,24,6.2,0,0,0,0.5,45,DEF
Lucas,Digne,0,2,14,260,6,62.9,28.0,7.0,2,60,9.8,1,0,2,2.8,45,DEF
Douglas Luiz,Soares de Paulo,1,0,10,238,6,36.7,53.4,38.0,0,50,12.8,1,0,2,2.4,55,MID
Jhon,Durán,1,0,8,20,0,11.7,38.2,19.0,2,34,6.9,0,0,0,0.1,50,FWD
Kortney,Hause,0,0,0,0,0,0.0,0.0,0.0,0,0,0.0,0,0,0,0.2,40,DEF
Tim,Iroegbunam,0,0,0,0,0,0.0,0.0,0.0,0,0,0.0,0,0,0,0.0,45,MID
Boubacar,Kamara,0,0,7,270,6,21.9,9.0,9.0,0,45,4.0,1,0,0,0.1,50,MID
Ezri,Konsa Ngoyo,0,0,8,270,6,1.7,27.2,2.0,0,61,3.1,1,0,0,1.1,45,DEF
Emiliano,Martínez Romero,0,0,9,180,5,0.0,68.0,0.0,2,49,6.8,1,0,1,7.6,50,GK
John,McGinn,1,0,14,243,4,22.4,44.6,33.0,2,54,10.0,1,0,0,0.6,55,MID
Tyrone,Mings,0,0,0,30,2,13.0,3.6,5.0,0,5,2.2,0,0,0,4.4,43,DEF
Robin,Olsen,0,0,2,90,1,0.0,0.0,0.0,0,12,0.0,0,0,0,0.9,40,GK
Jaden,Philogene-Bidace,0,0,1,3,1,0.3,0.4,2.0,0,3,0.3,0,0,0,0.2,45,MID
Jacob,Ramsey,0,0,0,0,0,0.0,0.0,0.0,0,0,0.0,0,0,0,0.1,59,MID
Morgan,Sanson,0,0,0,0,0,0.0,0.0,0.0,0,0,0.0,0,0,0,0.0,45,MID
Viljami,Sinisalo,0,0,0,0,0,0.0,0.0,0.0,0,0,0.0,0,0,0,0.0,40,GK
Youri,Tielemans,0,0,3,76,3,14.7,6.0,2.0,0,15,2.3,0,0,0,0.9,59,MID
Bertrand,Traoré,0,0,1,9,0,0.0,0.0,0.0,0,3,0.0,0,0,0,0.0,50,MID
Ollie,Watkins,0,3,15,248,6,55.8,39.4,41.0,0,40,13.7,1,0,0,24.1,80,FWD
Wesley,Moraes Ferreira da Silva,0,0,0,0,0,0.0,0.0,0.0,0,0,0.0,0,0,0,0.0,50,FWD
Pau,Torres,0,0,8,239,4,13.3,29.6,0.0,0,52,4.3,1,0,0,2.6,45,DEF
Moussa,Diaby,2,1,20,221,5,48.9,51.0,77.0,0,76,17.7,1,0,0,8.8,66,MID
Omari,Kellyman,0,0,0,0,0,0.0,0.0,0.0,0,0,0.0,0,0,0,0.0,45,MID
Filip,Marschall,0,0,0,0,0,0.0,0.0,0.0,0,0,0.0,0,0,0,0.0,40,GK
Nicolò,Zaniolo,0,0,1,17,0,0.0,0.0,0.0,0,0,0.0,0,0,0,0.0,55,MID
Oliwier,Zych,0,0,0,0,0,0.0,0.0,0.0,0,0,0.0,0,0,0,0.0,40,GK
Jaidon,Anthony,0,0,3,151,5,4.6,9.0,16.0,0,4,3.0,0,0,1,0.1,49,MID
Philip,Billing,0,0,6,265,6,52.3,46.0,57.0,0,25,15.5,0,0,0,0.6,54,MID
David,Brooks,0,0,4,105,1,43.0,10.8,20.0,0,16,7.4,0,0,0,0.1,50,MID
Ryan,Christie,0,0,5,187,5,36.9,28.0,18.0,0,20,8.3,0,0,0,0.0,50,MID
Lewis,Cook,0,0,1,45,1,1.4,11.6,1.0,0,5,1.4,0,0,0,0.0,50,MID
Siriki,Dembélé,0,0,0,0,0,0.0,0.0,0.0,0,0,0.0,0,0,0,0.0,45,MID
Ryan,Fredericks,0,0,0,0,0,0.0,0.0,0.0,0,0,0.0,0,0,0,0.0,44,DEF
James,Hill,0,0,1,15,0,1.8,0.0,0.0,0,1,0.2,0,0,0,0.3,40,DEF
Lloyd,Kelly,0,0,1,104,2,1.3,9.0,2.0,0,12,1.3,0,0,1,0.0,45,DEF
Gavin,Kilkenny,0,0,0,0,0,0.0,0.0,0.0,0,0,0.0,0,0,0,0.1,45,MID
Justin,Kluivert,0,0,3,116,1,25.3,13.8,28.0,0,4,6.8,0,0,0,0.3,49,MID
Jamal,Lowe,0,0,0,0,0,0.0,0.0,0.0,0,0,0.0,0,0,0,0.0,49,MID
Emiliano,Marcondes,0,0,0,0,0,0.0,0.0,0.0,0,0,0.0,0,0,0,0.0,45,MID
Chris,Mepham,0,0,0,30,0,11.2,5.8,0.0,0,2,1.7,0,0,1,0.1,44,DEF
Kieffer,Moore,0,0,3,54,0,6.0,0.4,17.0,0,4,2.1,0,0,0,0.4,49,FWD
Norberto,Murara Neto,0,0,14,270,6,0.0,117.0,0.0,3,63,11.7,0,0,1,1.0,45,GK
Dango,Ouattara,0,0,0,0,0,0.0,0.0,0.0,0,0,0.0,0,0,0,0.0,49,MID
Ben,Pearson,0,0,0,0,0,0.0,0.0,0.0,0,0,0.0,0,0,0,0.0,45,MID
Darren,Randolph,0,0,0,0,0,0.0,0.0,0.0,0,0,0.0,0,0,0,0.6,40,GK
Joe,Rothwell,0,0,5,210,5,28.1,24.2,3.0,0,25,5.5,0,0,0,0.0,50,MID
Antoine,Semenyo,1,1,12,162,5,19.3,38.4,44.0,1,39,10.0,0,0,1,2.8,45,FWD
Marcos,Senesi,0,0,2,142,4,11.1,41.4,0.0,0,27,5.3,0,0,0,0.2,44,DEF
Adam,Smith,0,0,0,0,0,0.0,0.0,0.0,0,0,0.0,0,0,0,0.0,44,DEF
Dominic,Solanke,1,1,14,270,6,55.9,60.4,98.0,1,36,21.5,0,0,0,2.8,65,FWD
Marcus,Tavernier,0,0,0,0,0,0.0,0.0,0.0,0,0,0.0,0,0,0,0.0,54,MID
Hamed,Traorè,0,0,2,36,1,14.7,12.6,28.0,0,7,5.5,0,0,0,0.0,49,MID
Mark,Travers,0,0,0,0,0,0.0,0.0,0.0,0,0,0.0,0,0,0,0.1,40,GK
Illia,Zabarnyi,0,0,4,270,6,2.8,68.0,2.0,0,46,7.4,0,0,0,0.1,45,DEF
Milos,Kerkez,0,0,4,270,6,24.1,53.8,8.0,0,33,8.6,0,0,0,0.2,45,DEF
Ionuț,Radu,0,0,0,0,0,0.0,0.0,0.0,0,0,0.0,0,0,0,0.1,45,GK
Ben,Greenwood,0,0,0,0,0,0.0,0.0,0.0,0,0,0.0,0,0,0,0.2,40,DEF
Max,Aarons,0,0,4,254,6,39.1,47.6,2.0,0,46,8.9,0,0,0,0.2,45,DEF
Alex,Scott,0,0,0,0,0,0.0,0.0,0.0,0,0,0.0,0,0,0,0.0,50,MID
Tyler,Adams,0,0,0,0,0,0.0,0.0,0.0,0,0,0.0,0,0,0,0.0,50,MID
Kristoffer,Ajer,0,1,5,84,2,11.4,31.6,9.0,0,22,5.2,0,0,0,0.3,45,DEF
Ellery,Balcombe,0,0,0,0,0,0.0,0.0,0.0,0,0,0.0,0,0,0,0.2,40,GK
Shandon,Baptiste,0,0,1,18,0,0.0,2.2,0.0,0,3,0.2,0,0,0,2.3,45,MID
Mads,Bech Sørensen,0,0,0,0,0,0.0,0.0,0.0,0,0,0.0,0,0,0,0.2,40,DEF
Mads,Bidstrup,0,0,0,0,0,0.0,0.0,0.0,0,0,0.0,0,0,0,0.0,45,MID
Sergi,Canós Tenés,0,0,0,0,0,0.0,0.0,0.0,0,0,0.0,0,0,0,0.0,50,MID
Nathan,Collins,0,0,9,270,3,2.6,42.2,25.0,0,57,7.0,1,0,0,0.4,45,DEF
Matthew,Cox,0,0,0,0,0,0.0,0.0,0.0,0,0,0.0,0,0,0,0.0,40,GK
Mikkel,Damsgaard,0,0,2,52,0,3.3,10.4,17.0,0,4,3.1,0,0,0,0.1,49,MID
Josh,Dasilva,0,0,1,9,0,0.0,0.0,2.0,0,3,0.1,0,0,0,0.1,49,MID
Halil,Dervişoğlu,0,0,0,0,0,0.0,0.0,0.0,0,0,0.0,0,0,0,0.0,45,FWD
Mark,Flekken,0,0,12,270,3,0.0,86.0,0.0,1,67,8.6,1,0,0,2.4,45,GK
Charlie,Goode,0,0,0,0,0,0.0,0.0,0.0,0,0,0.0,0,0,0,0.1,40,DEF
Rico,Henry,0,1,11,270,3,54.3,65.6,14.0,0,52,13.4,1,0,1,6.6,46,DEF
Aaron,Hickey,0,0,7,238,3,16.1,23.6,6.0,0,35,4.6,1,0,2,0.3,45,DEF
Vitaly,Janelt,0,0,7,270,3,29.2,27.6,26.0,0,21,8.3,1,0,0,0.1,55,MID
Mathias,Jensen,0,1,10,209,2,92.0,42.0,23.0,0,48,15.7,2,0,0,0.7,54,MID
Keane,Lewis-Potter,0,0,2,29,0,0.4,3.0,21.0,0,2,2.4,0,0,0,0.0,49,MID
Bryan,Mbeumo,3,0,25,270,3,63.1,120.2,126.0,3,67,30.9,1,0,0,24.5,67,MID
Ben,Mee,0,0,0,0,0,0.0,0.0,0.0,0,0,0.0,0,0,0,3.5,49,DEF
Christian,Nørgaard,0,1,10,239,3,37.4,56.4,18.0,0,41,11.2,1,0,0,0.1,55,MID
Frank,Onyeka,0,0,1,18,1,15.8,4.8,12.0,0,3,3.3,0,0,0,0.0,49,MID
Ethan,Pinnock,0,0,10,270,3,22.5,71.0,20.0,1,59,11.4,1,0,0,2.2,45,DEF
Mads,Roerslev Rasmussen,0,0,2,30,0,0.0,7.0,2.0,0,8,0.9,0,0,0,0.1,45,DEF
Kevin,Schade,1,0,13,167,1,13.1,37.4,35.0,2,27,8.4,1,0,0,0.1,54,MID
Thomas,Strakosha,0,0,0,0,0,0.0,0.0,0.0,0,0,0.0,0,0,0,0.4,40,GK
Ivan,Toney,0,0,0,0,0,0.0,0.0,0.0,0,0,0.0,0,0,0,0.1,79,FWD
Ryan,Trevitt,0,0,0,0,0,0.0,0.0,0.0,0,0,0.0,0,0,0,0.0,45,MID
Yoane,Wissa,2,1,22,239,3,24.7,84.2,128.0,5,68,23.2,1,0,0,16.4,62,FWD
Yegor,Yarmolyuk,0,0,0,0,0,0.0,0.0,0.0,0,0,0.0,0,0,0,0.7,45,MID
Mathias,Jorgensen,0,0,1,6,0,17.1,9.8,0.0,0,8,2.7,0,0,0,0.1,45,DEF
Michale,Olakigbe,0,0,0,0,0,0.0,0.0,0.0,0,0,0.0,0,0,0,0.0,45,MID
Ethan,Brierley,0,0,0,0,0,0.0,0.0,0.0,0,0,0.0,0,0,0,0.0,45,MID
Simon,Adingra,1,0,7,34,1,13.1,42.0,43.0,0,25,9.8,0,0,0,0.4,50,MID
Steven,Alzate,0,0,0,0,0,0.0,0.0,0.0,0,0,0.0,0,0,0,0.1,44,MID
Yasin,Ayari,0,0,0,0,0,0.0,0.0,0.0,0,0,0.0,0,0,0,0.0,45,MID
Facundo,Buonanotte,0,0,0,0,0,0.0,0.0,0.0,0,0,0.0,0,0,0,0.0,49,MID
Aaron,Connolly,0,0,0,0,0,0.0,0.0,0.0,0,0,0.0,0,0,0,0.0,45,FWD
Mahmoud,Dahoud,0,0,4,82,0,38.6,13.2,5.0,0,16,5.7,1,0,0,0.1,49,MID
Lewis,Dunk,0,0,5,270,5,21.8,44.8,51.0,0,41,11.8,0,0,0,4.2,50,DEF
Julio,Enciso,0,2,8,68,1,25.0,39.0,30.0,0,30,9.4,0,0,1,2.4,54,MID
Pervis,Estupiñán,1,2,19,270,5,138.2,118.0,84.0,4,83,34.0,0,0,2,64.5,53,DEF
Evan,Ferguson,1,0,8,125,4,15.5,44.4,111.0,0,22,17.2,0,0,0,5.3,59,FWD
Billy,Gilmour,0,0,4,165,4,43.3,32.0,13.0,0,31,8.8,0,0,0,0.1,50,MID
Pascal,Groß,1,0,13,260,5,181.6,106.0,72.0,3,69,35.9,0,0,1,2.6,64,MID
João Pedro,Junqueira de Jesus,1,0,8,150,3,36.0,56.8,96.0,1,31,18.9,0,0,1,20.4,56,FWD
Michał,Karbownik,0,0,0,0,0,0.0,0.0,0.0,0,0,0.0,0,0,0,0.0,40,DEF
Kacper,Kozłowski,0,0,0,0,0,0.0,0.0,0.0,0,0,0.0,0,0,0,0.0,45,MID
Adam,Lallana,0,0,2,39,1,26.0,9.2,8.0,0,8,4.3,0,0,0,0.1,49,MID
Tariq,Lamptey,0,0,0,0,0,0.0,0.0,0.0,0,0,0.0,0,0,0,5.7,40,DEF
Solly,March,3,0,26,234,4,71.3,140.6,112.0,4,83,32.5,1,0,0,10.8,66,MID
Tom,McGill,0,0,0,0,0,0.0,0.0,0.0,0,0,0.0,0,0,0,0.2,40,GK
James,Milner,0,0,5,205,3,27.4,24.6,2.0,0,33,5.4,1,0,1,0.2,50,MID
Kaoru,Mitoma,1,2,18,260,5,143.3,96.4,89.0,3,76,33.0,0,0,2,44.3,66,MID
Jakub,Moder,0,0,0,0,0,0.0,0.0,0.0,0,0,0.0,0,0,0,0.1,44,MID
Jeremy,Sarmiento Morante,0,0,0,0,0,0.0,0.0,0.0,0,0,0.0,0,0,0,0.0,45,MID
Kjell,Scherpen,0,0,0,0,0,0.0,0.0,0.0,0,0,0.0,0,0,0,0.0,40,GK
Jason,Steele,0,0,5,180,2,0.0,60.6,0.0,0,39,6.0,0,0,0,5.0,45,GK
Deniz,Undav,0,0,0,0,0,0.0,0.0,0.0,0,0,0.0,0,0,0,0.0,55,FWD
Jan Paul,van Hecke,0,0,2,90,1,0.5,32.2,17.0,0,19,5.0,0,0,0,2.0,40,DEF
Joël,Veltman,0,1,6,62,2,12.4,36.0,17.0,0,23,6.6,0,0,0,0.8,44,DEF
Bart,Verbruggen,0,0,2,90,3,0.0,29.8,0.0,0,16,3.0,0,0,0,0.4,44,GK
Adam,Webster,0,0,2,180,4,7.0,40.2,0.0,0,34,4.8,0,0,1,0.3,44,DEF
Danny,Welbeck,0,0,4,192,2,41.8,12.2,62.0,0,5,11.6,1,0,0,1.7,59,FWD
Andi,Zeqiri,0,0,0,0,0,0.0,0.0,0.0,0,0,0.0,0,0,0,1.1,45,FWD
Igor Julio,dos Santos de Paulo,0,0,0,0,0,0.0,0.0,0.0,0,0,0.0,0,0,0,0.1,44,DEF
Jack,Hinshelwood,0,0,0,0,0,0.0,0.0,0.0,0,0,0.0,0,0,0,0.0,45,MID
Enock,Agyei,0,0,0,0,0,0.0,0.0,0.0,0,0,0.0,0,0,0,0.2,45,MID
Ameen,Al-Dakhil,0,0,2,180,6,0.6,20.2,2.0,0,23,2.3,0,0,0,0.6,40,DEF
Samuel,Bastien,0,0,0,0,0,0.0,0.0,0.0,0,0,0.0,0,0,0,0.0,49,MID
Manuel Benson,Hedilazio,0,0,2,61,3,0.8,0.0,0.0,0,4,0.1,0,0,0,0.1,54,MID
Jordan,Beyer,0,0,1,73,2,0.2,18.8,0.0,0,18,1.9,0,0,0,4.1,40,DEF
Josh,Brownhill,0,0,1,1,0,1.0,0.0,0.0,0,3,0.1,0,0,0,0.2,49,MID
Darko,Churlinov,0,0,0,0,0,0.0,0.0,0.0,0,0,0.0,0,0,0,0.0,45,MID
Jack,Cork,0,0,0,0,0,0.0,0.0,0.0,0,0,0.0,0,0,0,0.0,49,MID
Dara,Costelloe,0,0,0,0,0,0.0,0.0,0.0,0,0,0.0,0,0,0,0.0,45,MID
Josh,Cullen,0,0,3,180,6,6.5,3.8,0.0,0,23,1.0,0,0,1,0.1,50,MID
CJ,Egan-Riley,0,0,0,0,0,0.0,0.0,0.0,0,0,0.0,0,0,0,0.1,40,DEF
Hjalmar,Ekdal,0,0,0,0,0,0.0,0.0,0.0,0,0,0.0,0,0,0,0.2,40,DEF
Lyle,Foster,1,0,8,170,6,12.4,7.8,13.0,0,29,3.3,0,0,0,0.3,50,FWD
Denis,Franchi,0,0,0,0,0,0.0,0.0,0.0,0,0,0.0,0,0,0,0.2,40,GK
Jóhann Berg,Gudmundsson,0,1,4,45,1,0.0,0.0,0.0,0,15,0.0,0,0,0,0.0,49,MID
Luke,McNally,0,0,0,0,0,0.0,0.0,0.0,0,0,0.0,0,0,0,0.0,40,DEF
Arijanet,Muric,0,0,0,0,0,0.0,0.0,0.0,0,0,0.0,0,0,0,0.2,45,GK
Dara,O'Shea,0,0,2,180,6,0.1,15.6,0.0,0,31,1.6,0,0,0,0.2,45,DEF
Michael,Obafemi,0,0,0,0,0,0.0,0.0,0.0,0,0,0.0,0,0,0,0.0,50,FWD
Bailey,Peacock-Farrell,0,0,0,0,0,0.0,0.0,0.0,0,0,0.0,0,0,0,0.0,40,GK
Connor,Roberts,0,0,2,180,6,1.8,8.0,0.0,0,25,1.0,0,0,0,0.3,45,DEF
Jay,Rodriguez,0,0,1,9,0,0.0,0.0,0.0,0,-3,0.0,0,0,0,0.2,54,FWD
Charlie,Taylor,0,0,0,0,0,0.0,0.0,0.0,0,0,0.0,0,0,0,0.8,40,DEF
Bobby,Thomas,0,0,0,0,0,0.0,0.0,0.0,0,0,0.0,0,0,0,0.0,40,DEF
Scott,Twine,0,0,0,0,0,0.0,0.0,0.0,0,0,0.0,0,0,0,0.0,49,MID
Lawrence,Vigouroux,0,0,0,0,0,0.0,0.0,0.0,0,0,0.0,0,0,0,0.2,40,GK
Victor,da Silva,0,0,1,90,3,11.4,8.8,2.0,0,6,2.2,0,0,0,0.2,45,DEF
Wout,Weghorst,0,0,0,0,0,0.0,0.0,0.0,0,0,0.0,0,0,0,0.1,55,FWD
Anass,Zaroury,0,0,-2,30,1,18.9,0.0,2.0,0,-6,1.7,0,1,0,0.1,49,MID
Sander,Berge,0,0,3,157,6,1.0,3.2,2.0,0,6,0.6,0,0,1,0.2,50,MID
Zeki,Amdouni,0,0,4,140,5,0.8,8.6,21.0,0,12,3.0,0,0,0,0.1,55,FWD
James,Trafford,0,0,4,180,6,0.0,42.2,0.0,0,37,4.2,0,0,0,1.0,45,GK
Nathan,Redmond,0,0,2,23,0,0.0,0.0,0.0,0,5,0.0,0,0,0,0.0,49,MID
Luca,Koleosho,0,0,4,127,5,21.7,0.2,6.0,0,8,2.8,0,0,0,0.0,50,MID
Jacob,Bruun Larsen,0,0,2,38,1,0.6,0.0,9.0,0,3,0.7,0,0,0,0.0,50,MID
Owen,Dodgson,0,0,0,0,0,0.0,0.0,0.0,0,0,0.0,0,0,0,0.1,40,DEF
Wilson,Odobert,0,0,0,0,0,0.0,0.0,0.0,0,0,0.0,0,0,0,0.0,50,MID
Hannes,Delcroix,0,0,1,90,3,0.0,0.0,0.0,0,18,0.0,0,0,0,0.0,40,DEF
Aaron,Ramsey,0,0,1,22,0,0.0,0.0,0.0,0,3,0.0,0,0,0,0.0,50,MID
Moisés,Caicedo Corozo,0,0,4,119,1,7.9,17.6,3.0,0,16,2.5,1,0,0,2.8,50,MID
Robert,Sánchez,0,0,10,270,4,0.0,49.8,0.0,0,48,5.0,1,0,0,5.0,45,GK
Ethan,Ampadu,0,0,0,0,0,0.0,0.0,0.0,0,0,0.0,0,0,0,0.0,40,DEF
Andrey,Nascimento dos Santos,0,0,0,0,0,0.0,0.0,0.0,0,0,0.0,0,0,0,0.1,44,MID
Kepa,Arrizabalaga,0,0,0,0,0,0.0,0.0,0.0,0,0,0.0,0,0,0,0.4,50,GK
Pierre-Emerick,Aubameyang,0,0,0,0,0,0.0,0.0,0.0,0,0,0.0,0,0,0,0.0,65,FWD
César,Azpilicueta,0,0,0,0,0,0.0,0.0,0.0,0,0,0.0,0,0,0,0.0,45,DEF
Abdul Rahman,Baba,0,0,0,0,0,0.0,0.0,0.0,0,0,0.0,0,0,0,0.0,40,DEF
Benoît,Badiashile,0,0,0,0,0,0.0,0.0,0.0,0,0,0.0,0,0,0,0.0,44,DEF
Marcus,Bettinelli,0,0,0,0,0,0.0,0.0,0.0,0,0,0.0,0,0,0,0.0,40,GK
Armando,Broja,0,0,0,0,0,0.0,0.0,0.0,0,0,0.0,0,0,0,0.0,49,FWD
Trevoh,Chalobah,0,0,0,0,0,0.0,0.0,0.0,0,0,0.0,0,0,0,0.1,44,DEF
Ben,Chilwell,0,1,14,234,3,101.9,41.6,55.0,2,59,19.8,1,0,0,30.9,58,DEF
Carney,Chukwuemeka,1,0,6,125,2,25.1,34.8,39.0,0,23,9.9,0,0,2,2.0,45,MID
Levi,Colwill,0,0,9,270,4,41.9,42.6,23.0,0,55,10.7,1,0,0,4.1,45,DEF
Marc,Cucurella Saseta,0,0,0,0,0,0.0,0.0,0.0,0,0,0.0,0,0,0,0.5,49,DEF
Enzo,Fernández,0,0,3,270,4,146.7,42.8,49.0,0,28,23.6,1,0,2,4.5,50,MID
David Datro,Fofana,0,0,0,0,0,0.0,0.0,0.0,0,0,0.0,0,0,0,0.0,50,FWD
Wesley,Fofana,0,0,0,0,0,0.0,0.0,0.0,0,0,0.0,0,0,0,0.0,44,DEF
Conor,Gallagher,0,0,7,254,3,33.3,50.4,31.0,0,46,11.5,1,0,0,0.5,55,MID
Malo,Gusto,0,2,16,186,2,36.7,58.8,8.0,2,71,10.4,1,0,0,7.2,41,DEF
Callum,Hudson-Odoi,0,0,0,0,0,0.0,0.0,0.0,0,0,0.0,0,0,0,0.0,49,MID
Reece,James,0,0,2,75,1,35.9,11.4,3.0,0,15,5.0,0,0,0,6.3,54,DEF
Romelu,Lukaku Bolingoli,0,0,0,0,0,0.0,0.0,0.0,0,0,0.0,0,0,0,0.5,69,FWD
Noni,Madueke,0,0,1,15,1,1.6,3.6,13.0,0,3,1.8,0,0,0,0.1,55,MID
Mykhailo,Mudryk,0,0,2,54,2,39.6,11.0,20.0,0,13,7.1,0,0,0,1.4,64,MID
Nicolas,Jackson,1,0,9,262,4,44.8,64.0,151.0,1,34,26.0,1,0,2,20.2,71,FWD
Christopher,Nkunku,0,0,0,0,0,0.0,0.0,0.0,0,0,0.0,0,0,0,0.7,74,FWD
Christian,Pulisic,0,0,0,0,0,0.0,0.0,0.0,0,0,0.0,0,0,0,0.0,55,MID
Malang,Sarr,0,0,0,0,0,0.0,0.0,0.0,0,0,0.0,0,0,0,0.1,45,DEF
Gabriel,Słonina,0,0,0,0,0,0.0,0.0,0.0,0,0,0.0,0,0,0,0.1,40,GK
Raheem,Sterling,2,1,23,260,4,82.8,100.4,126.0,3,73,31.0,1,0,0,7.3,71,MID
Thiago,Emiliano da Silva,0,0,9,270,4,16.8,88.8,15.0,0,63,12.1,1,0,0,3.2,50,DEF
Hakim,Ziyech,0,0,0,0,0,0.0,0.0,0.0,0,0,0.0,0,0,0,0.1,54,MID
Ângelo Gabriel,Borges Damaceno,0,0,0,0,0,0.0,0.0,0.0,0,0,0.0,0,0,0,0.0,50,MID
Ian,Maatsen,0,0,1,13,0,0.9,2.2,2.0,0,2,0.5,0,0,1,0.1,54,MID
Axel,Disasi,1,0,17,270,4,5.9,80.2,56.0,3,62,14.2,1,0,1,6.4,51,DEF
Lesley,Ugochukwu,0,0,2,8,0,0.7,6.6,2.0,0,7,0.9,0,0,0,0.1,45,MID
Mason,Burstow,0,0,2,8,1,0.6,0.4,2.0,0,6,0.3,0,0,0,0.2,45,FWD
Lucas,Bergström,0,0,0,0,0,0.0,0.0,0.0,0,0,0.0,0,0,0,0.0,40,GK
Roméo,Lavia,0,0,0,0,0,0.0,0.0,0.0,0,0,0.0,0,0,0,0.0,50,MID
Bashir,Humphreys,0,0,0,0,0,0.0,0.0,0.0,0,0,0.0,0,0,0,0.0,40,DEF
Deivid Washington,de Souza Eugênio,0,0,0,0,0,0.0,0.0,0.0,0,0,0.0,0,0,0,0.0,45,FWD
Eddie,Beach,0,0,0,0,0,0.0,0.0,0.0,0,0,0.0,0,0,0,0.0,40,GK
Diego Manuel Jadon,da Silva Moreira,0,0,0,0,0,0.0,0.0,0.0,0,0,0.0,0,0,0,0.0,45,MID
Naouirou,Ahamada,0,0,2,35,0,3.3,4.8,0.0,0,9,0.8,0,0,0,0.2,45,MID
Joachim,Andersen,1,0,22,270,2,94.5,138.4,61.0,6,83,29.4,1,0,0,3.9,45,DEF
Jordan,Ayew,0,2,12,270,2,78.7,57.0,108.0,0,32,24.4,1,0,1,0.5,55,MID
Nathaniel,Clyne,0,0,0,0,0,0.0,0.0,0.0,0,0,0.0,0,0,0,0.1,45,DEF
Cheick,Doucouré,0,0,6,270,2,42.3,41.6,15.0,0,37,10.0,1,0,1,0.1,50,MID
Malcolm,Ebiowei,0,0,0,0,0,0.0,0.0,0.0,0,0,0.0,0,0,0,0.0,45,MID
Odsonne,Edouard,1,0,11,250,2,36.6,57.2,155.0,1,32,25.0,1,0,0,2.1,55,FWD
Eberechi,Eze,0,0,7,270,2,139.8,39.4,79.0,0,42,25.9,1,0,0,11.6,64,MID
Vicente,Guaita,0,0,0,0,0,0.0,0.0,0.0,0,0,0.0,0,0,0,0.7,44,GK
Marc,Guéhi,0,0,10,270,2,15.1,70.6,4.0,0,56,9.0,1,0,0,1.8,45,DEF
Will,Hughes,0,0,0,0,0,0.0,0.0,0.0,0,0,0.0,0,0,0,0.0,49,MID
Sam,Johnstone,0,0,10,270,2,0.0,14.2,0.0,0,38,1.4,1,0,0,2.1,45,GK
Jefferson,Lerma Solís,0,0,7,270,2,54.1,57.6,31.0,0,44,14.3,1,0,0,0.3,49,MID
Jean-Philippe,Mateta,0,0,1,19,0,0.3,0.0,0.0,0,2,0.0,0,0,0,0.3,49,FWD
Remi,Matthews,0,0,0,0,0,0.0,0.0,0.0,0,0,0.0,0,0,0,0.1,40,GK
Tyrick,Mitchell,0,0,12,270,2,39.7,35.0,12.0,2,57,8.7,1,0,0,0.9,45,DEF
Jake,O'Brien,0,0,0,0,0,0.0,0.0,0.0,0,0,0.0,0,0,0,0.1,40,DEF
Michael,Olise,0,0,0,0,0,0.0,0.0,0.0,0,0,0.0,0,0,0,0.1,59,MID
Luke,Plange,0,0,0,0,0,0.0,0.0,0.0,0,0,0.0,0,0,0,0.0,45,FWD
Chris,Richards,0,0,0,0,0,0.0,0.0,0.0,0,0,0.0,0,0,0,0.4,40,DEF
Jairo,Riedewald,0,0,0,0,0,0.0,0.0,0.0,0,0,0.0,0,0,0,0.1,45,MID
Jeffrey,Schlupp,0,0,7,233,2,57.0,26.2,24.0,0,25,10.7,1,0,0,0.2,50,MID
James,Tomkins,0,0,1,1,0,0.0,0.2,0.0,0,3,0.0,0,0,0,0.9,40,DEF
Joel,Ward,0,0,10,262,2,7.7,43.4,0.0,0,40,5.1,1,0,0,0.3,45,DEF
Joe,Whitworth,0,0,0,0,0,0.0,0.0,0.0,0,0,0.0,0,0,0,1.4,40,GK
Matheus,França de Oliveira,0,0,0,0,0,0.0,0.0,0.0,0,0,0.0,0,0,0,0.0,50,MID
Jesurun,Rak-Sakyi,0,0,1,7,0,10.8,3.0,15.0,0,4,2.9,0,0,0,0.0,45,MID
John-Kymani,Gordon,0,0,0,0,0,0.0,0.0,0.0,0,0,0.0,0,0,0,0.1,45,FWD
André,Tavares Gomes,0,0,0,0,0,0.0,0.0,0.0,0,0,0.0,0,0,0,0.2,44,MID
Jarrad,Branthwaite,0,0,1,90,1,1.8,15.4,30.0,0,11,4.7,0,0,1,0.4,40,DEF
Dominic,Calvert-Lewin,0,0,1,37,2,1.6,0.0,4.0,0,1,0.3,0,0,0,0.4,59,FWD
Seamus,Coleman,0,0,0,0,0,0.0,0.0,0.0,0,0,0.0,0,0,0,0.0,44,DEF
Dele,Alli,0,0,0,0,0,0.0,0.0,0.0,0,0,0.0,0,0,0,0.0,49,MID
Abdoulaye,Doucouré,0,0,6,270,6,63.7,30.0,78.0,0,19,17.2,0,0,0,0.2,55,MID
James,Garner,0,0,5,262,6,64.9,36.0,24.0,0,30,12.5,0,0,1,0.0,50,MID
Jean-Philippe,Gbamin,0,0,0,0,0,0.0,0.0,0.0,0,0,0.0,0,0,0,0.0,44,MID
Ben,Godfrey,0,0,0,0,0,0.0,0.0,0.0,0,0,0.0,0,0,0,0.2,44,DEF
Demarai,Gray,0,0,0,0,0,0.0,0.0,0.0,0,0,0.0,0,0,0,0.2,54,MID
Idrissa,Gueye,0,0,4,225,4,21.3,33.0,6.0,0,35,6.0,0,0,1,0.0,49,MID
Mason,Holgate,0,0,0,0,0,0.0,0.0,0.0,0,0,0.0,0,0,0,1.5,40,DEF
Alex,Iwobi,0,0,3,140,3,55.2,24.4,48.0,0,13,12.8,0,0,0,0.5,54,MID
Michael,Keane,0,0,2,181,5,2.3,27.8,38.0,0,24,6.8,0,0,1,0.3,45,DEF
Neal,Maupay,0,0,3,110,2,13.3,12.4,94.0,0,-5,12.0,1,0,0,1.1,50,FWD
Dwight,McNeil,0,0,0,0,0,0.0,0.0,0.0,0,0,0.0,0,0,0,0.1,54,MID
Vitalii,Mykolenko,0,0,0,0,0,0.0,0.0,0.0,0,0,0.0,0,0,0,0.2,44,DEF
Amadou,Onana,0,0,6,270,6,57.8,28.4,21.0,0,48,10.8,0,0,0,0.2,50,MID
Nathan,Patterson,0,0,3,270,6,35.1,40.4,14.0,0,33,9.0,0,0,1,0.2,45,DEF
Jordan,Pickford,0,0,4,270,6,10.0,37.6,0.0,0,30,4.8,0,0,1,12.6,45,GK
Ellis,Simms,0,0,0,0,0,0.0,0.0,0.0,0,0,0.0,0,0,0,0.0,45,FWD
James,Tarkowski,0,0,4,270,6,5.8,48.8,25.0,0,34,8.0,0,0,0,1.7,45,DEF
João,Neves Virgínia,0,0,0,0,0,0.0,0.0,0.0,0,0,0.0,0,0,0,0.5,40,GK
Andy,Lonergan,0,0,0,0,0,0.0,0.0,0.0,0,0,0.0,0,0,0,0.1,40,GK
Ashley,Young,0,0,4,270,6,85.8,36.0,0.0,0,45,12.2,0,0,0,0.6,45,DEF
Arnaut,Danjuma Groeneveld,0,0,4,160,4,15.1,12.0,86.0,0,-1,11.4,0,0,0,0.2,55,MID
Lewis,Dobbin,0,0,5,117,2,13.0,13.2,23.0,0,12,4.9,1,0,0,0.0,45,MID
Youssef,Ramalho Chermiti,0,0,0,24,1,0.5,0.0,7.0,0,-2,0.6,0,0,1,0.1,50,FWD
Thomas,Cannon,0,0,1,1,0,0.0,0.0,0.0,0,3,0.0,0,0,0,0.0,45,FWD
Tyler,Onyango,0,0,1,1,0,0.0,0.0,0.0,0,3,0.0,0,0,0,0.0,45,MID
Jack,Harrison,0,0,0,0,0,0.0,0.0,0.0,0,0,0.0,0,0,0,0.0,55,MID
Andreas,Hoelgebaum Pereira,1,1,14,161,2,22.4,38.2,15.0,0,43,7.5,1,0,0,1.0,55,MID
Tom,Cairney,0,0,2,84,2,13.6,1.6,5.0,0,8,2.0,0,0,0,0.0,50,MID
Ivan,Neves Abreu Cavaleiro,0,0,0,0,0,0.0,0.0,0.0,0,0,0.0,0,0,0,0.0,50,MID
Bobby,De Cordova-Reid,1,0,10,200,4,13.7,39.4,58.0,0,31,10.8,0,0,0,0.2,55,MID
Issa,Diop,0,0,10,270,5,7.4,64.8,6.0,2,53,7.8,1,0,0,1.0,45,DEF
Tyrese,Francois,0,0,0,0,0,0.0,0.0,0.0,0,0,0.0,0,0,0,0.0,44,MID
Anthony,Knockaert,0,0,0,0,0,0.0,0.0,0.0,0,0,0.0,0,0,0,0.1,44,MID
Terence,Kongolo,0,0,0,0,0,0.0,0.0,0.0,0,0,0.0,0,0,0,0.1,40,DEF
Bernd,Leno,0,0,19,270,5,0.0,176.6,0.0,5,92,17.6,1,0,0,10.1,45,GK
Saša,Lukić,0,0,6,250,4,30.9,20.6,9.0,0,31,6.0,1,0,1,0.7,45,MID
Kevin,Mbabu,0,0,0,0,0,0.0,0.0,0.0,0,0,0.0,0,0,0,0.5,40,DEF
Aleksandar,Mitrović,0,0,1,32,0,0.3,6.4,26.0,0,6,3.3,0,0,0,1.4,74,FWD
Rodrigo,Muniz Carvalho,0,0,1,4,1,0.0,0.0,0.0,0,3,0.0,0,0,0,0.4,45,FWD
João,Palhinha Gonçalves,1,0,10,113,3,1.5,59.6,22.0,3,33,8.4,0,0,1,0.2,50,MID
Tim,Ream,0,0,5,153,3,2.4,15.8,2.0,1,29,1.9,1,1,0,0.4,45,DEF
Harrison,Reed,0,1,8,176,3,60.6,43.2,4.0,0,35,10.8,1,0,1,0.7,49,MID
Antonee,Robinson,0,0,8,270,5,21.9,47.2,6.0,0,48,7.5,1,0,0,0.7,45,DEF
Marek,Rodák,0,0,-1,0,0,0.0,0.0,0.0,0,-3,0.0,0,0,1,0.4,40,GK
Kenny,Tete,0,0,6,265,4,20.8,48.0,0.0,0,44,6.9,1,0,2,0.6,45,DEF
Tosin,Adarabioyo,0,0,1,1,0,0.0,12.0,0.0,0,5,1.2,0,0,0,0.1,44,DEF
Carlos Vinícius,Alves Morais,0,0,0,0,0,0.0,0.0,0.0,0,0,0.0,0,0,0,2.7,49,FWD
Harry,Wilson,0,0,7,250,4,54.5,21.8,32.0,0,26,10.7,1,0,0,0.2,55,MID
Raúl,Jiménez,0,0,4,232,4,5.9,23.0,36.0,0,9,6.3,0,0,1,0.9,54,FWD
Willian,Borges da Silva,0,0,1,67,1,13.9,3.0,1.0,0,1,1.7,0,0,1,0.4,54,MID
Calvin,Bassey,0,0,-1,105,3,0.8,10.6,0.0,0,4,1.2,0,1,0,0.3,45,DEF
Luc,De Fougerolles,0,0,0,0,0,0.0,0.0,0.0,0,0,0.0,0,0,0,0.0,40,DEF
Jay,Stansfield,0,0,0,0,0,0.0,0.0,0.0,0,0,0.0,0,0,0,0.0,45,FWD
Matthew,Dibley-Dias,0,0,0,0,0,0.0,0.0,0.0,0,0,0.0,0,0,0,0.0,45,MID
Adama,Traoré,0,0,2,23,2,0.4,5.2,37.0,0,1,4.2,0,0,0,0.0,50,MID
Luke,Harris,0,0,0,0,0,0.0,0.0,0.0,0,0,0.0,0,0,0,0.0,45,MID
Adrián,San Miguel del Castillo,0,0,0,0,0,0.0,0.0,0.0,0,0,0.0,0,0,0,0.3,40,GK
Trent,Alexander-Arnold,0,0,4,255,3,46.2,32.0,38.0,0,33,11.7,0,0,2,13.5,79,DEF
Alisson,Ramses Becker,0,0,9,270,3,0.0,55.2,0.0,0,56,5.5,0,0,1,9.2,55,GK
Stefan,Bajcetic,0,0,0,0,0,0.0,0.0,0.0,0,0,0.0,0,0,0,0.0,49,MID
Darwin,Núñez Ribeiro,2,0,10,41,0,1.3,4.4,8.0,0,58,1.4,0,0,1,7.4,73,FWD
Diogo,Teixeira da Silva,1,1,14,172,2,35.8,43.0,108.0,2,39,18.7,0,0,1,3.3,80,MID
Harvey,Elliott,0,0,3,59,0,12.7,7.0,4.0,0,11,2.4,0,0,0,0.2,49,MID
Fabio Henrique,Tavares,0,0,0,0,0,0.0,0.0,0.0,0,0,0.0,0,0,0,0.0,50,MID
Cody,Gakpo,0,0,5,184,3,22.7,13.6,13.0,0,17,4.9,0,0,0,4.8,74,FWD
Joe,Gomez,0,0,2,71,0,0.8,3.6,0.0,0,8,0.4,0,0,0,0.3,45,DEF
Jordan,Henderson,0,0,0,0,0,0.0,0.0,0.0,0,0,0.0,0,0,0,0.0,50,MID
Curtis,Jones,0,0,1,24,0,1.8,4.6,0.0,0,1,0.6,0,0,0,0.1,49,MID
Caoimhin,Kelleher,0,0,0,0,0,0.0,0.0,0.0,0,0,0.0,0,0,0,0.3,40,GK
Ibrahima,Konaté,0,0,4,180,2,1.2,43.0,6.0,0,30,5.0,0,0,0,1.9,50,DEF
Luis,Díaz,2,0,16,193,3,42.9,71.2,61.0,1,51,17.5,0,0,0,13.6,77,MID
Alexis,Mac Allister,0,0,1,223,3,21.4,21.4,0.0,0,22,4.3,0,1,1,6.4,60,MID
Joel,Matip,0,0,2,76,1,0.0,0.0,0.0,0,10,0.0,0,0,0,0.3,49,DEF
Nathaniel,Phillips,0,0,0,0,0,0.0,0.0,0.0,0,0,0.0,0,0,0,0.2,40,DEF
Andrew,Robertson,0,0,6,270,3,62.8,46.2,2.0,0,48,11.1,0,0,0,4.2,65,DEF
Mohamed,Salah,1,2,15,251,3,53.2,58.0,91.0,0,48,20.2,0,0,0,27.1,125,MID
Dominik,Szoboszlai,0,1,9,270,3,53.4,24.8,32.0,0,53,11.0,0,0,0,4.0,70,MID
Thiago,Alcántara do Nascimento,0,0,0,0,0,0.0,0.0,0.0,0,0,0.0,0,0,0,0.2,49,MID
Konstantinos,Tsimikas,0,0,1,4,0,0.3,0.2,0.0,0,3,0.1,0,0,0,0.1,45,DEF
Sepp,van den Berg,0,0,0,0,0,0.0,0.0,0.0,0,0,0.0,0,0,0,0.0,40,DEF
Virgil,van Dijk,0,0,2,207,3,11.8,38.6,26.0,0,24,7.7,0,1,0,9.9,60,DEF
Jarell,Quansah,0,0,1,13,0,0.0,0.0,0.0,0,2,0.0,0,0,0,0.0,40,DEF
Bobby,Clark,0,0,0,0,0,0.0,0.0,0.0,0,0,0.0,0,0,0,0.0,45,MID
Ben,Doak,0,0,1,13,0,0.8,0.2,0.0,0,3,0.1,0,0,0,0.1,45,MID
James,McConnell,0,0,0,0,0,0.0,0.0,0.0,0,0,0.0,0,0,0,0.0,45,MID
Wataru,Endo,0,0,2,84,1,0.8,6.6,0.0,0,11,0.7,0,0,0,0.0,55,MID
Marvelous,Nakamba,0,0,3,180,7,33.9,25.0,2.0,0,20,6.1,0,0,1,1.1,45,MID
Elijah,Adebayo,0,0,4,132,3,22.7,6.6,4.0,0,6,3.4,0,0,0,0.9,50,FWD
Mads Juel,Andersen,0,0,1,88,2,0.8,14.6,0.0,0,11,1.6,0,0,1,0.6,40,DEF
Amari'i,Bell,0,0,1,180,7,1.6,51.6,0.0,0,24,5.3,0,0,0,7.3,40,DEF
Luke,Berry,0,0,1,2,1,0.0,0.0,0.0,0,3,0.0,0,0,0,0.1,49,MID
Reece,Burke,0,0,1,76,3,10.7,16.4,2.0,0,9,2.9,0,0,0,0.0,40,DEF
Allan,Campbell,0,0,0,0,0,0.0,0.0,0.0,0,0,0.0,0,0,0,0.0,49,MID
Jordan,Clark,0,0,0,0,0,0.0,0.0,0.0,0,0,0.0,0,0,0,0.0,50,MID
Alfie,Doughty,0,0,1,46,4,0.8,3.4,2.0,0,4,0.6,0,0,0,0.1,44,DEF
Luke,Freeman,0,0,0,0,0,0.0,0.0,0.0,0,0,0.0,0,0,0,0.0,49,MID
Matt,Macey,0,0,0,0,0,0.0,0.0,0.0,0,0,0.0,0,0,0,0.6,40,GK
John,McAtee,0,0,0,0,0,0.0,0.0,0.0,0,0,0.0,0,0,0,2.2,45,FWD
Carlos,Mendes Gomes,0,0,0,0,0,0.0,0.0,0.0,0,0,0.0,0,0,0,0.0,45,MID
Carlton,Morris,1,0,10,180,7,16.4,41.0,62.0,2,34,11.9,0,0,0,1.4,55,FWD
Admiral,Muskwe,0,0,0,0,0,0.0,0.0,0.0,0,0,0.0,0,0,0,0.2,45,FWD
Chiedozie,Ogbene,0,0,2,27,2,0.3,0.4,4.0,0,6,0.5,0,0,0,0.1,50,FWD
Fred,Onyedinma,0,0,0,0,0,0.0,0.0,0.0,0,0,0.0,0,0,0,0.0,50,MID
Gabriel,Osho,0,0,0,0,0,0.0,0.0,0.0,0,0,0.0,0,0,0,0.0,45,DEF
Aribim,Pepple,0,0,0,0,0,0.0,0.0,0.0,0,0,0.0,0,0,0,0.2,45,FWD
Dion,Pereira,0,0,0,0,0,0.0,0.0,0.0,0,0,0.0,0,0,0,0.2,44,MID
Dan,Potts,0,0,0,0,0,0.0,0.0,0.0,0,0,0.0,0,0,0,0.1,40,DEF
Glen,Rea,0,0,0,0,0,0.0,0.0,0.0,0,0,0.0,0,0,0,0.1,45,MID
James,Shea,0,0,0,0,0,0.0,0.0,0.0,0,0,0.0,0,0,0,0.2,45,GK
Joe,Taylor,0,0,0,0,0,0.0,0.0,0.0,0,0,0.0,0,0,0,0.2,45,FWD
Elliot,Thorpe,0,0,0,0,0,0.0,0.0,0.0,0,0,0.0,0,0,0,0.0,45,MID
Jack,Walton,0,0,0,0,0,0.0,0.0,0.0,0,0,0.0,0,0,0,0.0,40,GK
Louie,Watson,0,0,0,0,0,0.0,0.0,0.0,0,0,0.0,0,0,0,0.3,45,MID
Cauley,Woodrow,0,0,1,2,1,20.5,7.0,4.0,0,7,3.2,0,0,0,0.7,45,FWD
Ryan,Giles,0,0,1,180,7,62.3,29.6,17.0,0,26,10.9,0,0,0,0.1,45,DEF
Tom,Lockyer,0,0,0,180,7,0.5,38.6,2.0,0,20,4.1,0,0,1,0.2,45,DEF
Pelly Ruddock,Mpanzu,0,0,3,100,3,0.6,1.2,14.0,0,2,1.4,0,0,0,0.1,50,MID
Tahith,Chong,0,0,4,163,6,5.1,11.8,8.0,0,9,2.5,0,0,0,0.1,50,MID
Issa,Kaboré,0,0,2,132,3,16.6,4.6,12.0,0,16,3.3,0,0,1,5.8,40,DEF
Thomas,Kaminski,0,0,5,180,7,0.0,102.4,0.0,1,44,10.2,0,0,0,0.2,45,GK
Ross,Barkley,0,0,2,76,3,5.0,0.0,10.0,0,5,1.2,0,0,0,0.1,50,MID
Jacob,Brown,0,1,4,46,4,0.6,5.2,32.0,0,8,3.4,0,0,1,0.2,50,FWD
Aidan,Francis-Clarke,0,0,0,0,0,0.0,0.0,0.0,0,0,0.0,0,0,0,0.0,40,DEF
Tim,Krul,0,0,0,0,0,0.0,0.0,0.0,0,0,0.0,0,0,0,0.0,45,GK
Joseph,Johnson,0,0,0,0,0,0.0,0.0,0.0,0,0,0.0,0,0,0,0.0,40,DEF
Manuel,Akanji,0,0,13,180,0,17.3,38.4,1.0,1,51,5.6,2,0,0,11.8,51,DEF
Nathan,Aké,0,0,9,168,1,1.9,14.2,10.0,1,47,2.6,1,0,0,6.6,51,DEF
Julián,Álvarez,1,1,14,270,1,112.3,69.0,49.0,2,65,23.0,2,0,1,9.4,66,FWD
Bernardo,Veiga de Carvalho e Silva,0,0,5,180,1,8.6,2.2,0.0,0,28,1.1,1,0,0,2.1,64,MID
Oscar,Bobb,0,0,0,0,0,0.0,0.0,0.0,0,0,0.0,0,0,0,0.0,44,MID
João,Cancelo,0,0,0,0,0,0.0,0.0,0.0,0,0,0.0,0,0,0,2.3,58,DEF
Scott,Carson,0,0,0,0,0,0.0,0.0,0.0,0,0,0.0,0,0,0,0.1,40,GK
Shea,Charles,0,0,0,0,0,0.0,0.0,0.0,0,0,0.0,0,0,0,0.0,45,MID
Kevin,De Bruyne,0,0,1,22,0,18.8,2.4,1.0,0,4,2.2,0,0,0,2.5,103,MID
Rúben,Gato Alves Dias,0,0,9,180,1,1.9,10.6,0.0,1,42,1.3,1,0,0,7.5,55,DEF
Tommy,Doyle,0,0,0,0,0,0.0,0.0,0.0,0,0,0.0,0,0,0,0.0,44,MID
Ederson,Santana de Moraes,0,0,14,270,1,10.0,31.2,0.0,0,59,4.1,2,0,0,19.5,55,GK
Phil,Foden,0,2,16,184,0,124.4,46.4,60.0,3,57,23.1,2,0,0,14.1,76,MID
Jack,Grealish,0,1,8,180,1,9.5,12.6,19.0,0,40,4.1,1,0,0,4.1,74,MID
Erling,Haaland,3,0,19,259,1,35.5,70.8,96.0,3,71,20.2,2,0,0,91.3,140,FWD
Mateo,Kovačić,0,0,8,242,1,28.3,16.0,4.0,0,52,4.8,2,0,0,1.0,50,MID
Aymeric,Laporte,0,0,1,11,0,0.1,11.4,17.0,0,4,2.9,0,0,0,0.3,49,DEF
Rico,Lewis,0,0,6,78,0,5.8,2.2,0.0,0,25,0.8,1,0,0,0.5,45,DEF
Riyad,Mahrez,0,0,0,0,0,0.0,0.0,0.0,0,0,0.0,0,0,0,0.1,75,MID
James,McAtee,0,0,1,1,0,0.0,0.0,0.0,0,3,0.0,0,0,0,0.0,45,MID
Stefan,Ortega Moreno,0,0,0,0,0,0.0,0.0,0.0,0,0,0.0,0,0,0,0.6,40,GK
Cole,Palmer,0,0,1,10,0,0.7,0.0,0.0,0,1,0.0,0,0,0,0.2,50,MID
Máximo,Perrone,0,0,0,0,0,0.0,0.0,0.0,0,0,0.0,0,0,0,0.0,44,MID
Kalvin,Phillips,0,0,0,0,0,0.0,0.0,0.0,0,0,0.0,0,0,0,0.0,49,MID
Rodrigo,Hernandez,2,1,23,270,1,27.2,90.6,66.0,2,100,18.4,2,0,0,10.7,56,MID
Sergio,Gómez,0,0,0,0,0,0.0,0.0,0.0,0,0,0.0,0,0,0,0.8,40,DEF
Zack,Steffen,0,0,0,0,0,0.0,0.0,0.0,0,0,0.0,0,0,0,0.1,40,GK
John,Stones,0,0,0,0,0,0.0,0.0,0.0,0,0,0.0,0,0,0,7.1,53,DEF
Kyle,Walker,0,0,14,270,1,30.8,10.8,6.0,0,71,4.8,2,0,0,9.1,51,DEF
Joško,Gvardiol,0,0,9,191,1,3.0,18.0,2.0,0,45,2.3,1,0,0,5.7,50,DEF
Jérémy,Doku,0,0,0,0,0,0.0,0.0,0.0,0,0,0.0,0,0,0,0.0,65,MID
Mason,Mount,0,0,5,151,2,30.0,11.0,2.0,0,16,4.3,1,0,0,1.8,69,MID
Alex,Telles,0,0,0,0,0,0.0,0.0,0.0,0,0,0.0,0,0,0,0.0,45,DEF
Amad,Diallo,0,0,0,0,0,0.0,0.0,0.0,0,0,0.0,0,0,0,0.0,45,MID
Antony Matheus,dos Santos,0,0,6,225,3,95.5,28.2,59.0,0,24,18.2,1,0,1,1.1,69,MID
Bruno,Borges Fernandes,1,1,16,270,4,145.5,106.4,81.0,3,61,33.2,1,0,2,22.2,85,MID
Brandon,Williams,0,0,0,0,0,0.0,0.0,0.0,0,0,0.0,0,0,0,0.2,40,DEF
Eric,Bailly,0,0,0,0,0,0.0,0.0,0.0,0,0,0.0,0,0,0,0.2,40,DEF
Carlos Henrique,Casimiro,1,0,12,270,4,37.9,111.4,88.0,0,47,23.7,1,0,0,4.1,55,MID
Diogo,Dalot Teixeira,0,0,2,114,3,9.2,21.4,2.0,0,19,3.3,0,0,0,1.3,49,DEF
Christian,Eriksen,1,0,11,136,3,30.2,54.6,35.0,2,43,12.0,0,0,0,0.5,59,MID
Álvaro,Fernández Carreras,0,0,0,0,0,0.0,0.0,0.0,0,0,0.0,0,0,0,0.3,40,DEF
Frederico,Rodrigues de Paula Santos,0,0,0,0,0,0.0,0.0,0.0,0,0,0.0,0,0,0,0.1,50,MID
Alejandro,Garnacho,0,0,5,132,1,15.9,7.4,57.0,0,13,7.8,1,0,0,2.0,49,MID
Hannibal,Mejbri,0,0,0,0,0,0.0,0.0,0.0,0,0,0.0,0,0,0,0.1,44,MID
Tom,Heaton,0,0,0,0,0,0.0,0.0,0.0,0,0,0.0,0,0,0,0.1,40,GK
Dean,Henderson,0,0,0,0,0,0.0,0.0,0.0,0,0,0.0,0,0,0,0.3,45,GK
Victor,Lindelöf,0,0,2,90,0,20.8,18.0,4.0,0,11,4.3,0,0,0,0.2,45,DEF
Harry,Maguire,0,0,0,0,0,0.0,0.0,0.0,0,0,0.0,0,0,0,0.4,44,DEF
Kobbie,Mainoo,0,0,0,0,0,0.0,0.0,0.0,0,0,0.0,0,0,0,0.0,45,MID
Tyrell,Malacia,0,0,0,0,0,0.0,0.0,0.0,0,0,0.0,0,0,0,0.0,44,DEF
Anthony,Martial,0,0,2,64,2,25.5,5.6,11.0,0,6,4.2,0,0,0,0.3,65,FWD
Lisandro,Martínez,0,0,0,225,4,31.5,36.8,2.0,0,37,7.0,0,0,1,5.6,49,DEF
Scott,McTominay,0,0,2,7,0,10.4,10.8,0.0,0,7,2.2,0,0,0,0.1,49,MID
Teden,Mengi,0,0,0,0,0,0.0,0.0,0.0,0,0,0.0,0,0,0,0.1,40,DEF
Facundo,Pellistri Rebollo,0,0,2,18,0,1.4,2.2,13.0,0,5,1.7,0,0,0,0.1,45,MID
Raphaël,Varane,1,0,15,225,4,7.7,68.2,58.0,2,65,13.4,1,0,0,6.4,51,DEF
Marcus,Rashford,0,2,12,261,4,53.9,37.0,103.0,0,22,19.4,1,0,1,41.3,90,MID
Jadon,Sancho,0,0,3,76,1,14.8,9.8,12.0,0,11,3.6,0,0,0,0.8,69,MID
Luke,Shaw,0,0,6,180,2,85.2,59.8,10.0,0,48,15.5,1,0,1,14.1,54,DEF
Shola,Shoretire,0,0,0,0,0,0.0,0.0,0.0,0,0,0.0,0,0,0,0.1,45,FWD
Donny,van de Beek,0,0,0,0,0,0.0,0.0,0.0,0,0,0.0,0,0,0,0.0,49,MID
Aaron,Wan-Bissaka,0,1,13,245,3,55.4,70.2,10.0,3,66,13.6,1,0,2,6.1,46,DEF
André,Onana,0,0,11,270,4,0.0,101.6,0.0,1,59,10.2,1,0,1,28.4,50,GK
Rasmus,Højlund,0,0,0,0,0,0.0,0.0,0.0,0,0,0.0,0,0,0,0.8,70,FWD
Omari,Forson,0,0,0,0,0,0.0,0.0,0.0,0,0,0.0,0,0,0,0.0,45,MID
Radek,Vítek,0,0,0,0,0,0.0,0.0,0.0,0,0,0.0,0,0,0,0.0,40,GK
Daniel,Gore,0,0,0,0,0,0.0,0.0,0.0,0,0,0.0,0,0,0,0.0,45,MID
Lewis,Hall,0,0,0,0,0,0.0,0.0,0.0,0,0,0.0,0,0,0,0.2,45,DEF
Miguel,Almirón Rejala,0,0,6,260,4,46.8,17.6,26.0,0,30,9.0,0,0,0,5.8,64,MID
Elliot,Anderson,0,0,3,32,1,15.0,14.6,4.0,0,14,3.4,0,0,0,4.4,44,MID
Harrison,Ashby,0,0,0,0,0,0.0,0.0,0.0,0,0,0.0,0,0,0,0.0,40,DEF
Sven,Botman,0,1,9,266,3,12.4,46.0,8.0,1,57,6.6,0,0,1,19.0,45,DEF
Bruno,Guimarães Rodriguez Moura,0,0,4,264,4,6.6,11.4,17.0,0,20,3.5,0,0,2,2.7,59,MID
Dan,Burn,0,0,5,270,4,3.1,35.4,9.0,0,36,4.8,0,0,0,3.0,45,DEF
Karl,Darlow,0,0,0,0,0,0.0,0.0,0.0,0,0,0.0,0,0,0,0.0,40,GK
Martin,Dubravka,0,0,0,0,0,0.0,0.0,0.0,0,0,0.0,0,0,0,1.1,40,GK
Ryan,Fraser,0,0,0,0,0,0.0,0.0,0.0,0,0,0.0,0,0,0,0.0,49,MID
Mark,Gillespie,0,0,0,0,0,0.0,0.0,0.0,0,0,0.0,0,0,0,0.1,40,GK
Anthony,Gordon,1,1,12,193,2,30.9,21.8,20.0,0,43,6.8,1,0,2,0.6,55,MID
Isaac,Hayden,0,0,0,0,0,0.0,0.0,0.0,0,0,0.0,0,0,0,0.1,44,MID
Jeff,Hendrick,0,0,0,0,0,0.0,0.0,0.0,0,0,0.0,0,0,0,0.1,45,MID
Alexander,Isak,2,0,17,203,2,4.5,69.0,63.0,3,63,13.6,1,0,0,28.9,77,FWD
Joelinton Cássio,Apolinário de Lira,0,0,4,227,3,29.9,17.6,17.0,0,31,6.4,0,0,1,0.8,59,MID
Emil,Krafth,0,0,0,0,0,0.0,0.0,0.0,0,0,0.0,0,0,0,0.0,45,DEF
Garang,Kuol,0,0,0,0,0,0.0,0.0,0.0,0,0,0.0,0,0,0,0.0,45,MID
Jamaal,Lascelles,0,0,0,0,0,0.0,0.0,0.0,0,0,0.0,0,0,0,0.4,40,DEF
Jamal,Lewis,0,0,0,0,0,0.0,0.0,0.0,0,0,0.0,0,0,0,0.0,40,DEF
Sean,Longstaff,0,0,3,56,2,0.4,7.2,0.0,0,10,0.8,0,0,0,0.2,49,MID
Javier,Manquillo Gaitán,0,0,0,0,0,0.0,0.0,0.0,0,0,0.0,0,0,0,0.0,40,DEF
Jacob,Murphy,0,1,4,4,0,26.3,21.6,2.0,0,19,5.0,0,0,0,0.2,50,MID
Nick,Pope,0,0,7,270,4,0.0,62.6,0.0,0,46,6.3,0,0,0,10.7,55,GK
Matt,Ritchie,0,0,0,0,0,0.0,0.0,0.0,0,0,0.0,0,0,0,0.2,44,MID
Allan,Saint-Maximin,0,0,0,0,0,0.0,0.0,0.0,0,0,0.0,0,0,0,0.0,60,MID
Fabian,Schär,0,0,5,270,4,4.9,40.6,4.0,0,36,5.0,0,0,0,2.3,50,DEF
Matt,Targett,0,0,1,3,1,0.0,0.0,0.0,0,3,0.0,0,0,0,0.2,44,DEF
Sandro,Tonali,1,0,10,227,2,19.5,45.2,34.0,0,44,9.9,1,0,2,3.4,55,MID
Kieran,Trippier,0,0,4,270,4,75.3,44.6,4.0,0,56,12.4,0,0,1,31.6,65,DEF
Kell,Watts,0,0,0,0,0,0.0,0.0,0.0,0,0,0.0,0,0,0,0.1,40,DEF
Joe,Willock,0,0,0,0,0,0.0,0.0,0.0,0,0,0.0,0,0,0,0.1,54,MID
Callum,Wilson,1,0,7,64,2,11.6,45.0,64.0,0,24,12.0,0,0,0,6.5,79,FWD
Loris,Karius,0,0,0,0,0,0.0,0.0,0.0,0,0,0.0,0,0,0,0.3,40,GK
Paul,Dummett,0,0,0,0,0,0.0,0.0,0.0,0,0,0.0,0,0,0,0.2,40,DEF
Harvey,Barnes,1,1,12,74,2,23.0,54.0,28.0,2,38,10.5,0,0,1,3.9,65,MID
Tino,Livramento,0,0,1,4,0,0.0,0.0,0.0,0,3,0.0,0,0,0,0.2,45,DEF
Alex,Murphy,0,0,0,0,0,0.0,0.0,0.0,0,0,0.0,0,0,0,0.4,40,DEF
Lewis,Miley,0,0,0,0,0,0.0,0.0,0.0,0,0,0.0,0,0,0,0.0,45,MID
Matt,Turner,0,0,7,270,6,0.0,85.8,0.0,0,56,8.5,0,0,0,14.2,40,GK
Anthony,Elanga,0,1,6,40,0,21.8,20.8,12.0,0,23,5.5,0,0,0,0.7,50,MID
Brandon,Aguilera Zamora,0,0,0,0,0,0.0,0.0,0.0,0,0,0.0,0,0,0,0.0,45,MID
Harry,Arter,0,0,0,0,0,0.0,0.0,0.0,0,0,0.0,0,0,0,0.1,45,MID
Serge,Aurier,0,2,11,270,6,38.2,72.4,14.0,3,50,12.4,0,0,2,1.7,45,DEF
Taiwo,Awoniyi,3,0,20,182,4,23.5,105.6,85.0,3,84,21.3,0,0,0,2.5,65,FWD
Giulian,Biancone,0,0,0,0,0,0.0,0.0,0.0,0,0,0.0,0,0,0,0.1,40,DEF
Willy,Boly,1,0,9,248,6,11.6,99.0,108.0,0,43,21.9,0,0,1,0.2,45,DEF
Josh,Bowler,0,0,0,0,0,0.0,0.0,0.0,0,0,0.0,0,0,0,0.0,45,MID
Steve,Cook,0,0,0,0,0,0.0,0.0,0.0,0,0,0.0,0,0,0,0.0,45,DEF
Danilo,dos Santos de Oliveira,0,0,6,240,6,25.4,17.4,12.0,0,27,5.5,0,0,0,0.1,55,MID
Emmanuel,Dennis,0,0,0,0,0,0.0,0.0,0.0,0,0,0.0,0,0,0,0.4,49,FWD
Mohamed,Dräger,0,0,0,0,0,0.0,0.0,0.0,0,0,0.0,0,0,0,0.1,40,DEF
Felipe Augusto,de Almeida Monteiro,0,0,0,0,0,0.0,0.0,0.0,0,0,0.0,0,0,0,0.0,44,DEF
Remo,Freuler,0,0,0,0,0,0.0,0.0,0.0,0,0,0.0,0,0,0,0.0,49,MID
Morgan,Gibbs-White,0,2,12,270,6,124.3,56.0,33.0,1,51,21.3,0,0,1,2.0,60,MID
Wayne,Hennessey,0,0,0,0,0,0.0,0.0,0.0,0,0,0.0,0,0,0,0.3,40,GK
Ethan,Horvath,0,0,0,0,0,0.0,0.0,0.0,0,0,0.0,0,0,0,0.1,45,GK
Brennan,Johnson,0,0,6,238,5,14.9,13.6,27.0,0,13,5.4,0,0,0,0.5,60,MID
Cheikhou,Kouyaté,0,0,2,22,1,0.7,10.2,3.0,0,8,1.4,0,0,1,0.0,49,MID
Richie,Laryea,0,0,0,0,0,0.0,0.0,0.0,0,0,0.0,0,0,0,0.0,45,DEF
Orel,Mangala,0,0,3,157,3,11.7,15.0,0.0,0,3,2.7,0,0,1,0.0,50,MID
Loïc,Mbe Soh,0,0,0,0,0,0.0,0.0,0.0,0,0,0.0,0,0,0,0.1,40,DEF
Scott,McKenna,0,0,3,236,5,1.3,48.0,9.0,0,27,5.8,0,0,0,0.1,45,DEF
Alex,Mighten,0,0,0,0,0,0.0,0.0,0.0,0,0,0.0,0,0,0,0.0,44,MID
Moussa,Niakhaté,0,0,2,34,1,0.4,8.0,0.0,0,9,0.8,0,0,0,0.0,45,DEF
Lewis,O'Brien,0,0,0,0,0,0.0,0.0,0.0,0,0,0.0,0,0,0,0.0,49,MID
Braian,Ojeda Rodríguez,0,0,0,0,0,0.0,0.0,0.0,0,0,0.0,0,0,0,0.0,45,MID
Jonathan,Panzo,0,0,0,0,0,0.0,0.0,0.0,0,0,0.0,0,0,0,0.1,40,DEF
Omar,Richards,0,0,0,0,0,0.0,0.0,0.0,0,0,0.0,0,0,0,0.0,44,DEF
Gustavo Henrique,Furtado Scarpa,0,0,0,0,0,0.0,0.0,0.0,0,0,0.0,0,0,0,0.0,45,MID
Jonjo,Shelvey,0,0,0,0,0,0.0,0.0,0.0,0,0,0.0,0,0,0,0.0,49,MID
Sam,Surridge,0,0,0,0,0,0.0,0.0,0.0,0,0,0.0,0,0,0,0.3,45,FWD
Harry,Toffolo,0,0,0,0,0,0.0,0.0,0.0,0,0,0.0,0,0,0,0.1,44,DEF
Hwang,Ui-jo,0,0,0,0,0,0.0,0.0,0.0,0,0,0.0,0,0,0,1.1,44,FWD
Neco,Williams,0,0,3,108,1,15.9,26.8,6.0,0,9,4.9,0,0,0,0.3,45,DEF
Chris,Wood,1,0,9,16,0,20.9,37.2,21.0,2,36,8.0,0,0,0,0.7,50,FWD
Joe,Worrall,0,0,1,245,6,21.3,31.0,14.0,0,26,6.6,0,1,0,0.1,45,DEF
Ryan,Yates,0,0,5,201,5,5.6,26.0,2.0,0,18,3.3,0,0,0,0.0,50,MID
Olu,Aina,0,0,0,161,5,0.8,21.0,2.0,0,18,2.4,0,0,2,0.1,45,DEF
George,Shelvey,0,0,0,0,0,0.0,0.0,0.0,0,0,0.0,0,0,0,0.0,40,GK
Josh,Powell,0,0,0,0,0,0.0,0.0,0.0,0,0,0.0,0,0,0,0.1,40,DEF
Gonzalo,Montiel,0,0,0,0,0,0.0,0.0,0.0,0,0,0.0,0,0,0,0.0,45,DEF
Auston,Trusty,0,0,0,0,0,0.0,0.0,0.0,0,0,0.0,0,0,0,1.0,40,DEF
Anel,Ahmedhodžić,0,0,3,270,5,2.8,34.2,13.0,0,26,5.0,0,0,1,0.4,45,DEF
Jordan,Amissah,0,0,0,0,0,0.0,0.0,0.0,0,0,0.0,0,0,0,0.3,40,GK
George,Baldock,0,0,3,160,2,2.0,6.2,2.0,0,9,1.0,0,0,1,12.2,40,DEF
Chris,Basham,0,0,4,121,3,2.6,29.0,6.0,0,14,3.8,0,0,0,1.1,40,DEF
Jayden,Bogle,1,0,7,19,1,0.0,0.0,0.0,0,18,0.0,0,0,0,0.0,45,DEF
Rhian,Brewster,0,0,0,0,0,0.0,0.0,0.0,0,0,0.0,0,0,0,0.0,49,FWD
Ismaila,Coulibaly,0,0,0,0,0,0.0,0.0,0.0,0,0,0.0,0,0,0,0.0,44,MID
Adam,Davies,0,0,0,0,0,0.0,0.0,0.0,0,0,0.0,0,0,0,0.2,40,GK
John,Egan,0,0,3,270,5,0.7,32.8,12.0,0,28,4.5,0,0,1,0.2,45,DEF
John,Fleck,0,0,0,0,0,0.0,0.0,0.0,0,0,0.0,0,0,0,0.0,50,MID
Wes,Foderingham,0,0,8,270,5,0.0,67.4,0.0,0,62,6.8,0,0,0,0.3,45,GK
Daniel,Jebbison,0,0,0,0,0,0.0,0.0,0.0,0,0,0.0,0,0,0,0.0,49,FWD
Max,Lowe,0,0,3,124,2,11.0,29.4,2.0,0,11,4.2,0,0,0,0.1,45,DEF
Oliver,McBurnie,0,0,1,19,1,0.0,0.0,0.0,0,6,0.0,0,0,0,0.0,55,FWD
Iliman,Ndiaye,0,0,0,0,0,0.0,0.0,0.0,0,0,0.0,0,0,0,0.0,55,FWD
Rhys,Norrington-Davies,0,0,0,0,0,0.0,0.0,0.0,0,0,0.0,0,0,0,0.1,40,DEF
Oliver,Norwood,0,0,5,259,4,41.0,32.6,10.0,0,42,8.4,0,0,1,0.0,50,MID
Ben,Osborn,0,0,4,192,3,9.0,19.2,5.0,0,18,3.3,0,0,1,0.0,49,MID
William,Osula,0,0,4,233,3,5.7,1.0,21.0,0,-6,2.5,0,0,2,1.5,45,FWD
Jack,Robinson,0,0,4,259,5,2.1,31.4,8.0,0,32,4.2,0,0,0,0.1,45,DEF
Anis,Slimane,0,0,0,10,0,0.0,0.0,4.0,0,-2,0.3,0,0,1,0.0,49,MID
Yasser,Larouci,0,0,3,128,3,0.9,15.2,2.0,0,14,1.8,0,0,0,0.1,45,DEF
Bénie,Traoré,0,0,6,257,4,25.9,6.4,21.0,0,1,5.4,0,0,0,0.1,55,FWD
Vini,de Souza Costa,0,0,3,157,3,12.3,19.8,8.0,0,16,4.0,0,0,1,0.0,50,MID
Femi,Seriki,0,0,0,0,0,0.0,0.0,0.0,0,0,0.0,0,0,0,0.1,40,DEF
Louie,Marsh,0,0,0,0,0,0.0,0.0,0.0,0,0,0.0,0,0,0,0.1,45,FWD
Andre,Brooks,0,0,2,19,1,1.0,2.8,2.0,0,6,0.6,0,0,0,0.0,45,MID
Antwoine,Hackford,0,0,2,11,1,0.3,0.0,0.0,0,5,0.0,0,0,0,0.1,45,FWD
Gustavo,Hamer,1,0,8,180,4,21.5,42.8,13.0,0,33,7.7,0,0,1,0.1,50,MID
Tom,Davies,0,0,0,0,0,0.0,0.0,0.0,0,0,0.0,0,0,0,0.0,50,MID
Brandon,Austin,0,0,0,0,0,0.0,0.0,0.0,0,0,0.0,0,0,0,0.2,40,GK
Rodrigo,Bentancur,0,0,0,0,0,0.0,0.0,0.0,0,0,0.0,0,0,0,0.0,55,MID
Yves,Bissouma,0,0,7,253,2,40.5,80.6,34.0,0,52,15.5,2,0,1,0.6,50,MID
Bryan,Gil Salvatierra,0,0,0,0,0,0.0,0.0,0.0,0,0,0.0,0,0,0,0.0,50,MID
Ben,Davies,0,1,5,28,0,4.3,9.2,10.0,0,10,2.3,0,0,0,0.7,45,DEF
Eric,Dier,0,0,0,0,0,0.0,0.0,0.0,0,0,0.0,0,0,0,0.8,44,DEF
Emerson,Leite de Souza Junior,1,0,9,92,2,12.4,49.0,11.0,1,29,7.3,0,0,0,1.8,45,DEF
Fraser,Forster,0,0,0,0,0,0.0,0.0,0.0,0,0,0.0,0,0,0,3.2,40,GK
Pierre-Emile,Højbjerg,0,0,2,44,0,7.4,15.6,0.0,0,14,2.4,0,0,0,0.4,54,MID
Harry,Kane,0,0,0,0,0,0.0,0.0,0.0,0,0,0.0,0,0,0,0.9,125,FWD
Dejan,Kulusevski,1,0,13,267,2,62.1,66.2,103.0,0,45,23.2,2,0,0,1.4,70,MID
Hugo,Lloris,0,0,0,0,0,0.0,0.0,0.0,0,0,0.0,0,0,0,0.7,49,GK
Giovani,Lo Celso,0,0,1,16,0,13.8,3.2,4.0,0,8,2.1,0,0,0,0.1,49,MID
James,Maddison,1,2,22,252,2,148.2,108.6,98.0,4,77,35.4,2,0,1,14.9,76,MID
Tanguy,Ndombélé Alvaro,0,0,0,0,0,0.0,0.0,0.0,0,0,0.0,0,0,0,0.5,44,MID
Pedro,Porro,0,0,12,177,0,21.2,33.6,12.0,0,56,6.7,2,0,0,3.7,49,DEF
Ivan,Perišić,0,0,2,66,0,40.9,15.4,16.0,0,16,7.3,0,0,1,2.6,50,DEF
Sergio,Reguilón,0,0,0,0,0,0.0,0.0,0.0,0,0,0.0,0,0,0,0.2,44,DEF
Richarlison,de Andrade,0,0,5,218,2,27.4,17.4,72.0,0,-2,11.6,1,0,1,3.2,69,MID
Joe,Rodon,0,0,0,0,0,0.0,0.0,0.0,0,0,0.0,0,0,0,0.1,40,DEF
Cristian,Romero,1,0,20,193,0,2.3,88.8,37.0,1,72,12.8,2,0,0,6.0,46,DEF
Davinson,Sánchez,0,0,0,76,2,5.0,17.0,4.0,0,9,2.6,0,0,1,0.2,45,DEF
Pape Matar,Sarr,1,1,15,148,0,41.8,76.2,104.0,2,55,22.3,1,0,0,2.6,45,MID
Ryan,Sessegnon,0,0,0,0,0,0.0,0.0,0.0,0,0,0.0,0,0,0,0.0,45,DEF
Oliver,Skipp,0,0,2,91,2,6.9,5.8,4.0,0,14,1.6,0,0,1,0.2,49,MID
Son,Heung-min,0,0,8,254,2,106.2,28.8,70.0,0,43,20.4,2,0,0,6.0,90,MID
Djed,Spence,0,0,0,0,0,0.0,0.0,0.0,0,0,0.0,0,0,0,0.6,40,DEF
Japhet,Tanganga,0,0,0,0,0,0.0,0.0,0.0,0,0,0.0,0,0,0,0.9,40,DEF
Destiny,Udogie,0,1,18,240,2,41.9,48.8,47.0,3,62,13.8,2,0,1,5.5,46,DEF
Guglielmo,Vicario,0,0,19,270,2,0.0,101.4,0.0,3,84,10.1,2,0,1,2.6,50,GK
Alfie,Whiteman,0,0,0,0,0,0.0,0.0,0.0,0,0,0.0,0,0,0,0.2,40,GK
Manor,Solomon,0,0,1,2,0,0.6,3.2,0.0,0,4,0.4,0,0,0,0.1,54,MID
Micky,van de Ven,0,0,14,270,2,6.1,58.4,8.0,1,78,7.3,2,0,0,0.9,45,DEF
Dane,Scarlett,0,0,0,0,0,0.0,0.0,0.0,0,0,0.0,0,0,0,0.3,45,FWD
Alejo,Véliz,0,0,0,0,0,0.0,0.0,0.0,0,0,0.0,0,0,0,0.1,55,FWD
Nayef,Aguerd,1,0,7,156,2,0.1,51.6,33.0,0,19,8.5,0,1,0,0.5,45,DEF
Michail,Antonio,2,0,17,230,1,15.0,85.8,70.0,4,66,17.1,2,0,1,3.3,60,FWD
Alphonse,Areola,0,0,18,270,3,0.0,117.4,0.0,2,74,11.7,0,0,0,25.5,40,GK
Saïd,Benrahma,0,1,8,209,3,76.7,40.2,46.0,0,30,16.2,0,0,0,0.7,59,MID
Jarrod,Bowen,2,1,23,270,3,55.1,110.6,125.0,5,71,29.0,0,0,1,5.5,70,MID
Maxwel,Cornet,0,0,1,1,0,0.0,2.2,0.0,0,2,0.2,0,0,0,0.1,54,MID
Vladimír,Coufal,0,0,6,270,3,29.2,44.2,0.0,0,34,7.4,0,0,0,0.3,45,DEF
Conor,Coventry,0,0,0,0,0,0.0,0.0,0.0,0,0,0.0,0,0,0,0.1,45,MID
Aaron,Cresswell,0,0,0,0,0,0.0,0.0,0.0,0,0,0.0,0,0,0,0.7,44,DEF
Flynn,Downes,0,0,0,0,0,0.0,0.0,0.0,0,0,0.0,0,0,0,0.0,50,MID
Emerson,Palmieri dos Santos,0,1,7,270,3,49.8,62.2,16.0,0,37,12.8,0,0,2,0.5,45,DEF
Lukasz,Fabianski,0,0,0,0,0,0.0,0.0,0.0,0,0,0.0,0,0,0,2.4,44,GK
Pablo,Fornals Malla,0,0,4,105,1,25.4,16.6,34.0,0,15,7.6,0,0,0,0.1,49,MID
Danny,Ings,0,0,2,17,1,0.3,8.2,7.0,0,4,1.6,0,0,0,1.2,59,FWD
Ben,Johnson,0,0,0,0,0,0.0,0.0,0.0,0,0,0.0,0,0,0,0.1,45,DEF
Thilo,Kehrer,0,0,1,15,1,0.3,8.2,0.0,0,3,0.8,0,0,1,0.1,44,DEF
Divin,Mubama,0,0,0,0,0,0.0,0.0,0.0,0,0,0.0,0,0,0,9.4,45,FWD
Lucas,Tolentino Coelho de Lima,1,0,9,264,3,80.2,75.2,57.0,0,45,21.3,0,0,2,1.7,60,MID
Gianluca,Scamacca,0,0,0,0,0,0.0,0.0,0.0,0,0,0.0,0,0,0,0.0,60,FWD
Tomáš,Souček,0,1,10,218,2,42.0,64.6,22.0,2,43,12.9,0,0,0,1.3,50,MID
Nikola,Vlašić,0,0,0,0,0,0.0,0.0,0.0,0,0,0.0,0,0,0,0.1,45,MID
Kurt,Zouma,0,0,6,270,3,0.0,57.0,2.0,0,37,5.8,0,0,0,0.9,45,DEF
Angelo,Ogbonna,0,0,3,111,1,0.1,29.4,0.0,0,14,3.0,0,0,0,0.1,45,DEF
Edson,Álvarez Velázquez,0,0,2,92,1,0.6,17.8,0.0,0,11,1.8,0,0,1,0.1,50,MID
Joseph,Anang,0,0,0,0,0,0.0,0.0,0.0,0,0,0.0,0,0,0,0.0,40,GK
James,Ward-Prowse,1,2,15,170,2,26.3,93.8,51.0,1,54,17.1,0,0,1,3.4,60,MID
Konstantinos,Mavropanos,0,0,0,0,0,0.0,0.0,0.0,0,0,0.0,0,0,0,0.0,45,DEF
Rayan,Aït-Nouri,0,0,2,207,5,34.7,37.8,10.0,0,17,8.3,0,0,1,0.4,45,DEF
Daniel,Bentley,0,0,0,0,0,0.0,0.0,0.0,0,0,0.0,0,0,0,0.4,40,GK
Bendegúz,Bolla,0,0,0,0,0,0.0,0.0,0.0,0,0,0.0,0,0,0,0.9,40,DEF
Hugo,Bueno López,0,0,8,101,0,36.0,23.2,16.0,0,36,7.5,1,0,0,0.1,45,DEF
Francisco Jorge,Tomás Oliveira,0,0,0,0,0,0.0,0.0,0.0,0,0,0.0,0,0,0,0.0,45,MID
Luke,Cundle,0,0,0,0,0,0.0,0.0,0.0,0,0,0.0,0,0,0,0.0,45,MID
Craig,Dawson,0,0,6,250,5,12.3,55.0,53.0,0,49,12.0,1,0,2,0.2,45,DEF
Fábio,Silva,0,0,4,140,4,35.7,22.8,82.0,0,11,14.1,1,0,0,0.3,55,FWD
Gonçalo Manuel,Ganchinho Guedes,0,0,0,0,0,0.0,0.0,0.0,0,0,0.0,0,0,0,0.1,54,MID
Joe,Hodge,0,0,0,0,0,0.0,0.0,0.0,0,0,0.0,0,0,0,0.1,45,MID
Ki-Jana,Hoever,0,0,0,0,0,0.0,0.0,0.0,0,0,0.0,0,0,0,0.1,40,DEF
Hwang,Hee-chan,1,0,7,107,1,19.0,35.0,47.0,0,24,9.9,0,0,1,0.1,55,MID
João Victor,Gomes da Silva,0,0,5,231,5,31.1,33.6,17.0,0,33,8.2,1,0,1,0.1,50,MID
Jonathan,Castro Otto,0,0,0,0,0,0.0,0.0,0.0,0,0,0.0,0,0,0,0.1,44,DEF
Bruno,Cavaco Jordão,0,0,0,0,0,0.0,0.0,0.0,0,0,0.0,0,0,0,0.2,45,MID
Sasa,Kalajdzic,1,0,7,7,0,11.4,39.2,35.0,1,33,8.5,0,0,0,0.1,50,FWD
Max,Kilman,0,0,9,270,5,36.5,68.0,21.0,2,52,12.6,1,0,1,0.7,45,DEF
Tom,King,0,0,0,0,0,0.0,0.0,0.0,0,0,0.0,0,0,0,0.8,40,GK
Mario,Lemina,0,0,5,270,5,7.5,28.2,28.0,0,28,6.4,1,0,2,0.0,50,MID
Matheus Luiz,Nunes,0,0,1,180,5,45.8,29.4,14.0,0,15,8.9,0,1,0,0.2,50,MID
Pedro,Lomba Neto,0,1,10,270,5,148.7,55.0,77.0,1,55,28.0,1,0,1,0.3,55,MID
Daniel,Castelo Podence,0,0,0,0,0,0.0,0.0,0.0,0,0,0.0,0,0,0,0.1,54,MID
José,Malheiro de Sá,0,0,14,270,5,0.0,107.2,0.0,3,71,10.7,1,0,0,1.1,50,GK
Pablo,Sarabia,0,1,8,113,0,64.6,39.2,40.0,0,28,14.4,1,0,0,0.2,50,MID
Matija,Šarkić,0,0,0,0,0,0.0,0.0,0.0,0,0,0.0,0,0,0,0.5,40,GK
Nélson,Cabral Semedo,0,0,7,270,5,21.4,52.2,3.0,0,46,7.7,1,0,1,0.4,45,DEF
Toti António,Gomes,0,0,2,24,0,0.4,7.8,0.0,0,6,0.8,0,0,0,0.1,45,DEF
Boubacar,Traoré,0,0,0,0,0,0.0,0.0,0.0,0,0,0.0,0,0,0,0.4,44,MID
Matheus,Santos Carneiro Da Cunha,0,0,6,250,5,50.7,27.4,73.0,0,16,15.2,1,0,0,0.6,55,FWD
Matt,Doherty,0,0,0,0,0,0.0,0.0,0.0,0,0,0.0,0,0,0,0.2,44,DEF
