,index,Date,Day,Comp,Round,Venue,Squad,Opponent,Start,Pos,Min,Gls,Ast,PK,PKatt,Sh,SoT,CrdY,CrdR,Touches,Tkl,Int,Blocks,xG,npxG,xAG,SCA,GCA,Cmp,Att,Cmp%,PrgP,Carries,PrgC,Att.1,Succ,Match Report,Name,Season,Fls,Fld,Off,Crs,TklW,OG,PKwon,PKcon,WDL,GoalsTeams,Team Score,Opp Score,CS,Was Home,GW
3,0,2023-08-13,Sun,Premier League,Matchweek 1,Home,Brentford,Tottenham,Y,RB,71.0,0.0,0.0,0,0,1,0,1,0,31,3,0,1,0.0,0.0,0.1,1,0,22,25,88.0,1,17,1,2,1,Match Report,Aaron-Hickey,2023-24,,,,,,,,,D,2–2,2,2,0.0,1.0,1
5,1,2023-08-12,Sat,Premier League,Matchweek 1,Home,Arsenal,Nott'ham Forest,Y,GK,90.0,0.0,0.0,0,0,0,0,0,0,30.0,0.0,0,0.0,0.0,0.0,0.0,0.0,0.0,23.0,29.0,79.3,0.0,20.0,0.0,0.0,0.0,Match Report,Aaron-Ramsdale,2023-24,,,,,,,,,W,2–1,2,1,0.0,1.0,1
6,0,2023-08-14,Mon,Premier League,Matchweek 1,Home,Manchester Utd,Wolves,Y,RB,90.0,0.0,1.0,0,0,0,0,0,0,68,2,2,3,0.0,0.0,1.0,3,1,47,51,92.2,3,42,1,4,3,Match Report,Aaron-Wan-Bissaka,2023-24,,,,,,,,,W,1–0,1,0,1.0,1.0,1
7,0,2023-08-12,Sat,Premier League,Matchweek 1,Home,Everton,Fulham,Y,FW,90.0,0.0,0.0,0,0,2,1,0,0,36,0,0,2,0.6,0.6,0.8,3,0,22,27,81.5,3,20,3,2,0,Match Report,Abdoulaye-Doucoure,2023-24,,,,,,,,,L,0–1,0,1,0.0,1.0,1
8,0,2023-08-12,Sat,Premier League,Matchweek 1,Home,Sheffield Utd,Crystal Palace,N,0,0.0,0.0,0.0,0,0,0,0,0,0,,,0,,,,,,,,,,,,,,,Match Report,Adam-Davies,2023-24,0,0,0,0,0,0,0,0,L,0–1,0,1,0.0,1.0,1
9,0,2023-08-14,Mon,Premier League,Matchweek 1,Home,Manchester Utd,Wolves,Y,LM,67.0,0.0,0.0,0,0,4,0,0,0,43,1,0,2,0.1,0.1,0.0,2,0,24,29,82.8,3,30,2,2,1,Match Report,Alejandro-Garnacho,2023-24,,,,,,,,,W,1–0,1,0,1.0,1.0,1
10,0,2023-08-12,Sat,Premier League,Matchweek 1,Away,Fulham,Everton,N,FW,33.0,0.0,0.0,0,0,2,1,0,0,12,0,0,0,0.2,0.2,0.0,2,1,4,8,50.0,1,5,0,3,3,Match Report,Aleksandar-Mitrovic,2023-24,,,,,,,,,W,1–0,1,0,1.0,0.0,1
11,0,2023-08-12,Sat,Premier League,Matchweek 1,Home,Everton,Fulham,Y,"LM,RM",90.0,0.0,0.0,0,0,4,2,0,0,44,1,1,2,0.3,0.3,0.1,11,0,22,30,73.3,4,25,3,4,3,Match Report,Alex-Iwobi,2023-24,,,,,,,,,L,0–1,0,1,0.0,1.0,1
12,0,2023-08-12,Sat,Premier League,Matchweek 1,Home,Newcastle Utd,Aston Villa,Y,FW,67.0,2.0,0.0,0,0,3,3,0,0,24.0,0.0,0,0.0,0.8,0.8,0.0,1.0,0.0,12.0,16.0,75.0,1.0,16.0,2.0,3.0,1.0,Match Report,Alexander-Isak,2023-24,,,,,,,,,W,5–1,5,1,0.0,1.0,1
14,0,2023-08-13,Sun,Premier League,Matchweek 1,Away,Liverpool,Chelsea,Y,CM,90.0,0.0,0.0,0,0,0,0,1,0,61.0,3.0,1,2.0,0.0,0.0,0.0,2.0,1.0,46.0,52.0,88.5,5.0,42.0,1.0,3.0,2.0,Match Report,Alexis-Mac-Allister,2023-24,,,,,,,,,D,1–1,1,1,0.0,0.0,1
15,0,2023-08-12,Sat,Premier League,Matchweek 1,Away,Luton Town,Brighton,N,WB,27.0,0.0,0.0,0,0,0,0,0,0,9,0,0,0,0.0,0.0,0.0,0,0,6,7,85.7,2,2,0,0,0,Match Report,Alfie-Doughty,2023-24,,,,,,,,,L,1–4,1,4,0.0,0.0,1
16,0,2023-08-13,Sun,Premier League,Matchweek 1,Away,Liverpool,Chelsea,Y,GK,90.0,0.0,0.0,0,0,0,0,0,0,27.0,0.0,0,0.0,0.0,0.0,0.0,1.0,0.0,19.0,25.0,76.0,0.0,20.0,0.0,0.0,0.0,Match Report,Alisson,2023-24,,,,,,,,,D,1–1,1,1,0.0,0.0,1
17,0,2023-08-12,Sat,Premier League,Matchweek 1,Away,Luton Town,Brighton,N,0,0.0,0.0,0.0,0,0,0,0,0,0,,,0,,,,,,,,,,,,,,,Match Report,Allan-Campbell,2023-24,0,0,0,0,0,0,0,0,L,1–4,1,4,0.0,0.0,1
19,0,2023-08-12,Sat,Premier League,Matchweek 1,Away,West Ham,Bournemouth,Y,GK,90.0,0.0,0.0,0,0,0,0,0,0,27.0,0.0,0,0.0,0.0,0.0,0.0,0.0,0.0,9.0,24.0,37.5,0.0,9.0,0.0,0.0,0.0,Match Report,Alphonse-Areola,2023-24,,,,,,,,,D,1–1,1,1,0.0,0.0,1
20,0,2023-08-12,Sat,Premier League,Matchweek 1,Home,Everton,Fulham,Y,CM,90.0,0.0,0.0,0,0,1,1,0,0,38,0,1,1,0.1,0.1,1.1,5,0,27,32,84.4,4,25,2,0,0,Match Report,Amadou-Onana,2023-24,,,,,,,,,L,0–1,0,1,0.0,1.0,1
24,3,2023-08-12,Sat,Premier League,Matchweek 1,Away,Luton Town,Brighton,Y,CB,90.0,0.0,0.0,0,0,0,0,0,0,36.0,3.0,2,3.0,0.0,0.0,0.0,0.0,0.0,17.0,19.0,89.5,1.0,16.0,0.0,2.0,0.0,Match Report,Amari'i-Bell,2023-24,,,,,,,,,L,1–4,1,4,0.0,0.0,1
25,0,2023-08-11,Fri,Premier League,Matchweek 1,Home,Burnley,Manchester City,Y,CB,90.0,0.0,0.0,0,0,0,0,0,0,51,2,1,2,0.0,0.0,0.0,0,0,32,38,84.2,3,24,1,0,0,Match Report,Ameen-Al-Dakhil,2023-24,,,,,,,,,L,0–3,0,3,0.0,1.0,1
26,0,2023-08-11,Fri,Premier League,Matchweek 1,Home,Burnley,Manchester City,N,FW,29.0,0.0,0.0,0,0,1,0,0,1,13,0,0,0,0.0,0.0,0.0,1,0,10,12,83.3,0,6,0,0,0,Match Report,Anass-Zaroury,2023-24,,,,,,,,,L,0–3,0,3,0.0,1.0,1
27,0,2023-08-12,Sat,Premier League,Matchweek 1,Home,Everton,Fulham,N,0,0.0,0.0,0.0,0,0,0,0,0,0,,,0,,,,,,,,,,,,,,,Match Report,Andre-Gomes,2023-24,0,0,0,0,0,0,0,0,L,0–1,0,1,0.0,1.0,1
28,0,2023-08-14,Mon,Premier League,Matchweek 1,Home,Manchester Utd,Wolves,Y,GK,90.0,0.0,0.0,0,0,0,0,0,0,47.0,0.0,0,0.0,0.0,0.0,0.0,0.0,0.0,31.0,43.0,72.1,0.0,30.0,0.0,0.0,0.0,Match Report,Andre-Onana,2023-24,,,,,,,,,W,1–0,1,0,1.0,1.0,1
29,0,2023-08-12,Sat,Premier League,Matchweek 1,Away,Fulham,Everton,N,LM,33.0,0.0,0.0,0,0,0,0,0,0,16,0,0,0,0.0,0.0,0.0,0,0,6,11,54.5,1,9,0,1,0,Match Report,Andreas-Pereira,2023-24,,,,,,,,,W,1–0,1,0,1.0,0.0,1
30,0,2023-08-13,Sun,Premier League,Matchweek 1,Away,Liverpool,Chelsea,Y,LB,90.0,0.0,0.0,0,0,0,0,0,0,74,2,2,2,0.0,0.0,0.0,2,0,41,60,68.3,6,35,1,0,0,Match Report,Andrew-Robertson,2023-24,,,,,,,,,D,1–1,1,1,0.0,0.0,1
31,0,2023-08-12,Sat,Premier League,Matchweek 1,Home,Sheffield Utd,Crystal Palace,Y,CB,90.0,0.0,0.0,0,0,2,0,1,0,42,2,1,1,0.1,0.1,0.0,1,0,17,27,63.0,1,18,1,1,1,Match Report,Anel-Ahmedhodzic,2023-24,,,,,,,,,L,0–1,0,1,0.0,1.0,1
32,0,2023-08-12,Sat,Premier League,Matchweek 1,Away,West Ham,Bournemouth,N,0,0.0,0.0,0.0,0,0,0,0,0,0,,,0,,,,,,,,,,,,,,,Match Report,Angelo-Ogbonna,2023-24,0,0,0,0,0,0,0,0,D,1–1,1,1,0.0,0.0,1
33,0,2023-08-12,Sat,Premier League,Matchweek 1,Away,Nott'ham Forest,Arsenal,N,RW,11.0,0.0,1.0,0,0,0,0,0,0,4,0,0,0,0.0,0.0,0.6,3,1,2,3,66.7,1,4,1,0,0,Match Report,Anthony-Elanga,2023-24,,,,,,,,,L,1–2,1,2,0.0,0.0,1
34,0,2023-08-12,Sat,Premier League,Matchweek 1,Home,Newcastle Utd,Aston Villa,Y,LW,67.0,0.0,1.0,0,0,1,0,1,0,34,2,0,0,0.1,0.1,0.6,3,1,19,22,86.4,3,27,1,5,2,Match Report,Anthony-Gordon,2023-24,,,,,,,,,W,5–1,5,1,0.0,1.0,1
35,0,2023-08-14,Mon,Premier League,Matchweek 1,Home,Manchester Utd,Wolves,N,0,0.0,0.0,0.0,0,0,0,0,0,0,,,0,,,,,,,,,,,,,,,Match Report,Anthony-Martial,2023-24,0,0,0,0,0,0,0,0,W,1–0,1,0,1.0,1.0,1
36,0,2023-08-12,Sat,Premier League,Matchweek 1,Home,Bournemouth,West Ham,N,RW,16.0,0.0,0.0,0,0,2,0,0,0,14,0,0,0,0.1,0.1,0.0,1,1,10,11,90.9,1,13,1,1,1,Match Report,Antoine-Semenyo,2023-24,,,,,,,,,D,1–1,1,1,0.0,1.0,1
37,0,2023-08-12,Sat,Premier League,Matchweek 1,Away,Fulham,Everton,Y,LB,90.0,0.0,0.0,0,0,0,0,0,0,78,3,0,1,0.0,0.0,0.0,0,0,52,67,77.6,4,46,0,1,0,Match Report,Antonee-Robinson,2023-24,,,,,,,,,W,1–0,1,0,1.0,0.0,1
38,0,2023-08-14,Mon,Premier League,Matchweek 1,Home,Manchester Utd,Wolves,Y,RM,76.0,0.0,0.0,0,0,3,0,0,0,38.0,0.0,0,3.0,0.2,0.2,0.3,4.0,0.0,24.0,32.0,75.0,2.0,24.0,7.0,2.0,2.0,Match Report,Antony,2023-24,,,,,,,,,W,1–0,1,0,1.0,1.0,1
39,0,2023-08-11,Fri,Premier League,Matchweek 1,Home,Burnley,Manchester City,N,0,0.0,0.0,0.0,0,0,0,0,0,0,,,0,,,,,,,,,,,,,,,Match Report,Arijanet-Muric,2023-24,0,0,0,0,0,0,0,0,L,0–3,0,3,0.0,1.0,1
40,0,2023-08-12,Sat,Premier League,Matchweek 1,Home,Everton,Fulham,N,FW,19.0,0.0,0.0,0,0,0,0,0,0,8,0,1,0,0.0,0.0,0.2,0,0,3,5,60.0,2,4,1,1,0,Match Report,Arnaut-Danjuma,2023-24,,,,,,,,,L,0–1,0,1,0.0,1.0,1
42,1,2023-08-11,Fri,Premier League,Matchweek 1,Away,Manchester City,Burnley,N,CB,12.0,0.0,0.0,0,0,1,1,0,0,14,0,0,1,0.0,0.0,0.0,0,0,11,11,100.0,0,10,0,0,0,Match Report,Aymeric-Laporte,2023-24,,,,,,,,,W,3–0,3,0,1.0,0.0,1
49,0,2023-08-13,Sun,Premier League,Matchweek 1,Home,Chelsea,Liverpool,Y,WB,89.0,0.0,1.0,0,0,1,1,0,0,76.0,1.0,0,0.0,0.2,0.2,0.4,2.0,1.0,50.0,61.0,82.0,4.0,56.0,2.0,2.0,1.0,Match Report,Ben-Chilwell,2023-24,,,,,,,,,D,1–1,1,1,0.0,1.0,1
50,0,2023-08-13,Sun,Premier League,Matchweek 1,Away,Tottenham,Brentford,N,0,0.0,0.0,0.0,0,0,0,0,0,0,,,0,,,,,,,,,,,,,,,Match Report,Ben-Davies,2023-24,0,0,0,0,0,0,0,0,D,2–2,2,2,0.0,0.0,1
51,0,2023-08-12,Sat,Premier League,Matchweek 1,Home,Everton,Fulham,N,0,0.0,0.0,0.0,0,0,0,0,0,0,,,0,,,,,,,,,,,,,,,Match Report,Ben-Godfrey,2023-24,0,0,0,0,0,0,0,0,L,0–1,0,1,0.0,1.0,1
52,0,2023-08-12,Sat,Premier League,Matchweek 1,Away,West Ham,Bournemouth,N,0,0.0,0.0,0.0,0,0,0,0,0,0,,,0,,,,,,,,,,,,,,,Match Report,Ben-Johnson,2023-24,0,0,0,0,0,0,0,0,D,1–1,1,1,0.0,0.0,1
53,0,2023-08-12,Sat,Premier League,Matchweek 1,Home,Sheffield Utd,Crystal Palace,Y,LW,86.0,0.0,0.0,0,0,1,0,0,0,41,2,0,6,0.1,0.1,0.0,0,0,11,22,50.0,3,11,0,1,0,Match Report,Ben-Osborn,2023-24,,,,,,,,,L,0–1,0,1,0.0,1.0,1
55,1,2023-08-12,Sat,Premier League,Matchweek 1,Home,Arsenal,Nott'ham Forest,Y,"CB,RB",90.0,0.0,0.0,0,0,0,0,1,0,110.0,0.0,2,0.0,0.0,0.0,0.0,2.0,0.0,94.0,106.0,88.7,7.0,91.0,2.0,1.0,0.0,Match Report,Ben-White,2023-24,,,,,,,,,W,2–1,2,1,0.0,1.0,1
56,0,2023-08-11,Fri,Premier League,Matchweek 1,Home,Burnley,Manchester City,N,FW,17.0,0.0,0.0,0,0,0,0,0,0,9,0,0,0,0.0,0.0,0.0,0,0,4,5,80.0,0,7,1,4,0,Match Report,Benson-Manuel,2023-24,,,,,,,,,L,0–3,0,3,0.0,1.0,1
58,1,2023-08-11,Fri,Premier League,Matchweek 1,Away,Manchester City,Burnley,Y,"CM,RW",90.0,0.0,0.0,0,0,0,0,0,0,75.0,1.0,0,0.0,0.0,0.0,0.0,0.0,0.0,61.0,70.0,87.1,3.0,58.0,2.0,1.0,0.0,Match Report,Bernardo-Silva,2023-24,,,,,,,,,W,3–0,3,0,1.0,0.0,1
59,0,2023-08-12,Sat,Premier League,Matchweek 1,Away,Fulham,Everton,Y,GK,90.0,0.0,0.0,0,0,0,0,0,0,61,0,0,0,0.0,0.0,0.0,0,0,47,55,85.5,0,45,0,0,0,Match Report,Bernd-Leno,2023-24,,,,,,,,,W,1–0,1,0,1.0,0.0,1
60,0,2023-08-12,Sat,Premier League,Matchweek 1,Home,Brighton,Luton Town,N,DM,17.0,0.0,0.0,0,0,1,1,0,0,18,0,0,0,0.0,0.0,0.0,0,0,17,17,100.0,1,16,0,0,0,Match Report,Billy-Gilmour,2023-24,,,,,,,,,W,4–1,4,1,0.0,1.0,1
64,3,2023-08-12,Sat,Premier League,Matchweek 1,Away,Fulham,Everton,N,LW,45.0,1.0,0.0,0,0,3,1,0,0,29,1,0,2,1.1,1.1,0.0,0,0,11,18,61.1,2,17,4,0,0,Match Report,Bobby-Reid,2023-24,,,,,,,,,W,1–0,1,0,1.0,0.0,1
65,0,2023-08-12,Sat,Premier League,Matchweek 1,Away,Aston Villa,Newcastle Utd,Y,DM,90.0,0.0,0.0,0,0,1,0,0,0,69.0,0.0,1,0.0,0.0,0.0,0.0,2.0,0.0,51.0,60.0,85.0,6.0,43.0,2.0,3.0,2.0,Match Report,Boubacar-Kamara,2023-24,,,,,,,,,L,1–5,1,5,0.0,0.0,1
66,0,2023-08-14,Mon,Premier League,Matchweek 1,Away,Wolves,Manchester Utd,N,0,0.0,0.0,0.0,0,0,0,0,0,0,,,0,,,,,,,,,,,,,,,Match Report,Boubacar-Traore,2023-24,0,0,0,0,0,0,0,0,L,0–1,0,1,0.0,0.0,1
67,0,2023-08-13,Sun,Premier League,Matchweek 1,Away,Tottenham,Brentford,N,0,0.0,0.0,0.0,0,0,0,0,0,0,,,0,,,,,,,,,,,,,,,Match Report,Brandon-Austin,2023-24,0,0,0,0,0,0,0,0,D,2–2,2,2,0.0,0.0,1
68,0,2023-08-12,Sat,Premier League,Matchweek 1,Away,Nott'ham Forest,Arsenal,Y,"FW,RW",79.0,0.0,0.0,0,0,1,0,0,0,15,1,0,2,0.3,0.3,0.0,0,0,6,6,100.0,0,11,1,2,0,Match Report,Brennan-Johnson,2023-24,,,,,,,,,L,1–2,1,2,0.0,0.0,1
69,0,2023-08-14,Mon,Premier League,Matchweek 1,Home,Manchester Utd,Wolves,Y*,CM,90.0,0.0,0.0,0,0,1,0,0,0,63.0,6.0,1,1.0,0.0,0.0,0.7,7.0,1.0,36.0,52.0,69.2,11.0,34.0,0.0,1.0,0.0,Match Report,Bruno-Fernandes,2023-24,,,,,,,,,W,1–0,1,0,1.0,1.0,1
70,0,2023-08-12,Sat,Premier League,Matchweek 1,Home,Newcastle Utd,Aston Villa,Y,CM,84.0,0.0,0.0,0,0,2,1,1,0,57.0,1.0,0,1.0,0.1,0.1,0.0,2.0,2.0,38.0,47.0,80.9,4.0,48.0,2.0,2.0,1.0,Match Report,Bruno-Guimaraes,2023-24,,,,,,,,,W,5–1,5,1,0.0,1.0,1
72,0,2023-08-13,Sun,Premier League,Matchweek 1,Home,Brentford,Tottenham,Y,FW,90.0,1.0,0.0,1,1,2,1,0,0,41,0,1,0,1.4,0.6,0.0,1,1,22,33,66.7,6,25,1,1,0,Match Report,Bryan-Mbeumo,2023-24,,,,,,,,,D,2–2,2,2,0.0,1.0,1
74,1,2023-08-12,Sat,Premier League,Matchweek 1,Home,Arsenal,Nott'ham Forest,Y,RW,90.0,1.0,0.0,0,0,3,2,0,0,81.0,5.0,0,1.0,0.2,0.2,0.1,4.0,0.0,49.0,67.0,73.1,3.0,62.0,11.0,2.0,0.0,Match Report,Bukayo-Saka,2023-24,,,,,,,,,W,2–1,2,1,0.0,1.0,1
75,0,2023-08-12,Sat,Premier League,Matchweek 1,Home,Newcastle Utd,Aston Villa,N,FW,23.0,1.0,0.0,0,0,4,4,0,0,10,0,0,1,0.9,0.9,0.0,1,0,3,4,75.0,0,8,0,0,0,Match Report,Callum-Wilson,2023-24,,,,,,,,,W,5–1,5,1,0.0,1.0,1
76,0,2023-08-12,Sat,Premier League,Matchweek 1,Away,Aston Villa,Newcastle Utd,N,0,0.0,0.0,0.0,0,0,0,0,0,0,,,0,,,,,,,,,,,,,,,Match Report,Calum-Chambers,2023-24,0,0,0,0,0,0,0,0,L,1–5,1,5,0.0,0.0,1
77,0,2023-08-12,Sat,Premier League,Matchweek 1,Away,Aston Villa,Newcastle Utd,N,0,0.0,0.0,0.0,0,0,0,0,0,0,,,0,,,,,,,,,,,,,,,Match Report,Cameron-Archer,2023-24,0,0,0,0,0,0,0,0,L,1–5,1,5,0.0,0.0,1
78,0,2023-08-13,Sun,Premier League,Matchweek 1,Away,Liverpool,Chelsea,N,0,0.0,0.0,0.0,0,0,0,0,0,0,,,0,,,,,,,,,,,,,,,Match Report,Caoimhin-Kelleher,2023-24,0,0,0,0,0,0,0,0,D,1–1,1,1,0.0,0.0,1
83,0,2023-08-12,Sat,Premier League,Matchweek 1,Away,Fulham,Everton,N,0,0.0,0.0,0.0,0,0,0,0,0,0,,,0,,,,,,,,,,,,,,,Match Report,Carlos-Vinicius,2023-24,0,0,0,0,0,0,0,0,W,1–0,1,0,1.0,0.0,1
84,0,2023-08-12,Sat,Premier League,Matchweek 1,Away,Luton Town,Brighton,Y,FW,90.0,1.0,0.0,1,1,3,1,0,0,41,0,0,0,1.1,0.3,0.0,4,1,20,33,60.6,5,19,2,1,1,Match Report,Carlton-Morris,2023-24,,,,,,,,,L,1–4,1,4,0.0,0.0,1
85,0,2023-08-13,Sun,Premier League,Matchweek 1,Home,Chelsea,Liverpool,Y,AM,80.0,0.0,0.0,0,0,0,0,1,0,48,1,0,0,0.0,0.0,0.0,2,0,38,42,90.5,4,32,1,3,0,Match Report,Carney-Chukwuemeka,2023-24,,,,,,,,,D,1–1,1,1,0.0,1.0,1
86,0,2023-08-14,Mon,Premier League,Matchweek 1,Home,Manchester Utd,Wolves,Y,DM,90.0,0.0,0.0,0,0,0,0,0,0,81.0,2.0,1,4.0,0.0,0.0,0.1,3.0,0.0,51.0,63.0,81.0,10.0,44.0,0.0,0.0,0.0,Match Report,Casemiro,2023-24,,,,,,,,,W,1–0,1,0,1.0,1.0,1
87,0,2023-08-12,Sat,Premier League,Matchweek 1,Away,Luton Town,Brighton,N,CM,3.0,0.0,0.0,0,0,0,0,0,0,6,1,0,0,0.0,0.0,0.2,2,0,3,5,60.0,0,2,0,0,0,Match Report,Cauley-Woodrow,2023-24,,,,,,,,,L,1–4,1,4,0.0,0.0,1
88,0,2023-08-12,Sat,Premier League,Matchweek 1,Away,Crystal Palace,Sheffield Utd,Y,DM,90.0,0.0,0.0,0,0,1,1,0,0,57,2,0,1,0.0,0.0,0.1,4,0,38,46,82.6,4,39,0,0,0,Match Report,Cheick-Doucoure,2023-24,,,,,,,,,W,1–0,1,0,1.0,0.0,1
89,0,2023-08-12,Sat,Premier League,Matchweek 1,Away,Nott'ham Forest,Arsenal,N,CM,1.0,0.0,0.0,0,0,1,0,0,0,5,0,0,1,0.0,0.0,0.0,0,0,3,3,100.0,1,1,0,0,0,Match Report,Cheikhou-Kouyate,2023-24,,,,,,,,,L,1–2,1,2,0.0,0.0,1
93,0,2023-08-12,Sat,Premier League,Matchweek 1,Home,Sheffield Utd,Crystal Palace,Y,CM,79.0,0.0,0.0,0,0,0,0,0,0,32,1,2,3,0.0,0.0,0.0,0,0,18,21,85.7,1,12,0,1,0,Match Report,Chris-Basham,2023-24,,,,,,,,,L,0–1,0,1,0.0,1.0,1
94,0,2023-08-12,Sat,Premier League,Matchweek 1,Home,Bournemouth,West Ham,N,CB,31.0,0.0,0.0,0,0,0,0,1,0,25,0,1,1,0.0,0.0,0.0,2,0,18,23,78.3,1,18,1,0,0,Match Report,Chris-Mepham,2023-24,,,,,,,,,D,1–1,1,1,0.0,1.0,1
95,0,2023-08-12,Sat,Premier League,Matchweek 1,Away,Crystal Palace,Sheffield Utd,N,0,0.0,0.0,0.0,0,0,0,0,0,0,,,0,,,,,,,,,,,,,,,Match Report,Chris-Richards,2023-24,0,0,0,0,0,0,0,0,W,1–0,1,0,1.0,0.0,1
97,0,2023-08-12,Sat,Premier League,Matchweek 1,Away,Nott'ham Forest,Arsenal,N,FW,1.0,0.0,0.0,0,0,0,0,0,0,2,0,0,0,0.0,0.0,0.0,0,0,0,1,0.0,0,1,0,0,0,Match Report,Chris-Wood,2023-24,,,,,,,,,L,1–2,1,2,0.0,0.0,1
98,0,2023-08-14,Mon,Premier League,Matchweek 1,Home,Manchester Utd,Wolves,N,CM,23.0,0.0,0.0,0,0,0,0,0,0,16.0,0.0,0,0.0,0.0,0.0,0.0,0.0,0.0,8.0,14.0,57.1,1.0,11.0,1.0,0.0,0.0,Match Report,Christian-Eriksen,2023-24,,,,,,,,,W,1–0,1,0,1.0,1.0,1
99,0,2023-08-13,Sun,Premier League,Matchweek 1,Home,Brentford,Tottenham,Y*,CM,71.0,0.0,0.0,0,0,0,0,0,0,38,1,2,2,0.0,0.0,0.0,2,0,19,22,86.4,2,16,0,1,0,Match Report,Christian-Norgaard,2023-24,,,,,,,,,D,2–2,2,2,0.0,1.0,1
100,0,2023-08-13,Sun,Premier League,Matchweek 1,Away,Liverpool,Chelsea,Y,LM,65.0,0.0,0.0,0,0,0,0,0,0,28.0,3.0,0,4.0,0.0,0.0,0.1,2.0,0.0,10.0,15.0,66.7,2.0,14.0,3.0,2.0,1.0,Match Report,Cody-Gakpo,2023-24,,,,,,,,,D,1–1,1,1,0.0,0.0,1
102,1,2023-08-11,Fri,Premier League,Matchweek 1,Away,Manchester City,Burnley,N,LM,11.0,0.0,0.0,0,0,0,0,0,0,6.0,0.0,0,0.0,0.0,0.0,0.0,0.0,0.0,4.0,5.0,80.0,0.0,6.0,0.0,0.0,0.0,Match Report,Cole-Palmer,2023-24,,,,,,,,,W,3–0,3,0,1.0,0.0,1
104,0,2023-08-11,Fri,Premier League,Matchweek 1,Home,Burnley,Manchester City,Y,RB,90.0,0.0,0.0,0,0,0,0,0,0,51,2,0,0,0.0,0.0,0.0,0,0,39,46,84.8,4,17,0,0,0,Match Report,Connor-Roberts,2023-24,,,,,,,,,L,0–3,0,3,0.0,1.0,1
105,0,2023-08-12,Sat,Premier League,Matchweek 1,Away,West Ham,Bournemouth,N,0,0.0,0.0,0.0,0,0,0,0,0,0,,,0,,,,,,,,,,,,,,,Match Report,Conor-Coventry,2023-24,0,0,0,0,0,0,0,0,D,1–1,1,1,0.0,0.0,1
106,0,2023-08-13,Sun,Premier League,Matchweek 1,Home,Chelsea,Liverpool,Y,"CM,LM",90.0,0.0,0.0,0,0,0,0,0,0,77,2,3,1,0.0,0.0,0.0,0,0,61,68,89.7,3,57,0,1,1,Match Report,Conor-Gallagher,2023-24,,,,,,,,,D,1–1,1,1,0.0,1.0,1
107,0,2023-08-14,Mon,Premier League,Matchweek 1,Away,Wolves,Manchester Utd,Y,CB,90.0,0.0,0.0,0,0,1,0,0,0,67,2,1,3,0.1,0.1,0.1,0,0,44,51,86.3,2,37,0,0,0,Match Report,Craig-Dawson,2023-24,,,,,,,,,L,0–1,0,1,0.0,0.0,1
108,0,2023-08-13,Sun,Premier League,Matchweek 1,Away,Tottenham,Brentford,Y,CB,13.0,1.0,0.0,0,0,1,1,0,0,10.0,0.0,0,0.0,0.6,0.6,0.0,0.0,0.0,8.0,8.0,100.0,1.0,7.0,0.0,0.0,0.0,Match Report,Cristian-Romero,2023-24,,,,,,,,,D,2–2,2,2,0.0,0.0,1
109,0,2023-08-13,Sun,Premier League,Matchweek 1,Away,Liverpool,Chelsea,N,LM,25.0,0.0,0.0,0,0,0,0,0,0,21,1,1,1,0.0,0.0,0.0,0,0,16,18,88.9,2,14,0,1,1,Match Report,Curtis-Jones,2023-24,,,,,,,,,D,1–1,1,1,0.0,0.0,1
110,0,2023-08-12,Sat,Premier League,Matchweek 1,Home,Newcastle Utd,Aston Villa,Y,LB,90.0,0.0,0.0,0,0,1,0,0,0,89,4,1,3,0.2,0.2,0.0,1,0,58,75,77.3,2,54,0,0,0,Match Report,Dan-Burn,2023-24,,,,,,,,,W,5–1,5,1,0.0,1.0,1
111,0,2023-08-14,Mon,Premier League,Matchweek 1,Away,Wolves,Manchester Utd,N,0,0.0,0.0,0.0,0,0,0,0,0,0,,,0,,,,,,,,,,,,,,,Match Report,Daniel-Bentley,2023-24,0,0,0,0,0,0,0,0,L,0–1,0,1,0.0,0.0,1
112,0,2023-08-12,Sat,Premier League,Matchweek 1,Away,Nott'ham Forest,Arsenal,Y,RW,70.0,0.0,0.0,0,0,0,0,0,0,26,3,0,1,0.0,0.0,0.0,0,0,11,19,57.9,3,10,2,2,2,Match Report,Danilo,2023-24,,,,,,,,,L,1–2,1,2,0.0,0.0,1
113,0,2023-08-12,Sat,Premier League,Matchweek 1,Away,West Ham,Bournemouth,N,FW,13.0,0.0,0.0,0,0,1,0,0,0,9.0,0.0,0,0.0,0.1,0.1,0.0,0.0,0.0,1.0,4.0,25.0,0.0,5.0,0.0,2.0,1.0,Match Report,Danny-Ings,2023-24,,,,,,,,,D,1–1,1,1,0.0,0.0,1
114,0,2023-08-12,Sat,Premier League,Matchweek 1,Home,Brighton,Luton Town,Y,FW,77.0,0.0,0.0,0,0,4,1,0,0,26,0,0,1,0.3,0.3,0.0,3,0,12,14,85.7,1,16,2,1,1,Match Report,Danny-Welbeck,2023-24,,,,,,,,,W,4–1,4,1,0.0,1.0,1
115,0,2023-08-13,Sun,Premier League,Matchweek 1,Away,Liverpool,Chelsea,N,FW,25.0,0.0,0.0,0,0,2,0,0,0,13.0,0.0,0,0.0,0.0,0.0,0.0,1.0,0.0,5.0,6.0,83.3,1.0,9.0,1.0,3.0,2.0,Match Report,Darwin-Nunez,2023-24,,,,,,,,,D,1–1,1,1,0.0,0.0,1
116,0,2023-08-12,Sat,Premier League,Matchweek 1,Home,Bournemouth,West Ham,Y,RW,74.0,0.0,0.0,0,0,4,2,0,0,49,0,0,0,0.2,0.2,0.0,2,0,24,38,63.2,6,30,3,2,0,Match Report,David-Brooks,2023-24,,,,,,,,,D,1–1,1,1,0.0,1.0,1
117,0,2023-08-13,Sun,Premier League,Matchweek 1,Away,Tottenham,Brentford,N,CB,77.0,0.0,0.0,0,0,1,0,1,0,83,0,1,3,0.1,0.1,0.0,1,0,68,75,90.7,2,68,0,0,0,Match Report,Davinson-Sanchez,2023-24,,,,,,,,,D,2–2,2,2,0.0,0.0,1
118,0,2023-08-14,Mon,Premier League,Matchweek 1,Home,Manchester Utd,Wolves,N,0,0.0,0.0,0.0,0,0,0,0,0,0,,,0,,,,,,,,,,,,,,,Match Report,Dean-Henderson,2023-24,0,0,0,0,0,0,0,0,W,1–0,1,0,1.0,1.0,1
120,1,2023-08-12,Sat,Premier League,Matchweek 1,Home,Arsenal,Nott'ham Forest,Y,CM,90.0,0.0,0.0,0,0,3,3,0,0,103.0,4.0,1,0.0,0.2,0.2,0.0,0.0,0.0,84.0,91.0,92.3,3.0,86.0,1.0,2.0,0.0,Match Report,Declan-Rice,2023-24,,,,,,,,,W,2–1,2,1,0.0,1.0,1
121,0,2023-08-13,Sun,Premier League,Matchweek 1,Away,Tottenham,Brentford,Y,RW,90.0,0.0,0.0,0,0,3,0,0,0,67,4,1,0,0.0,0.0,0.1,5,0,49,60,81.7,3,51,4,1,1,Match Report,Dejan-Kulusevski,2023-24,,,,,,,,,D,2–2,2,2,0.0,0.0,1
125,0,2023-08-12,Sat,Premier League,Matchweek 1,Away,Aston Villa,Newcastle Utd,N,CB,27.0,0.0,0.0,0,0,2,1,0,0,21,2,0,0,0.3,0.3,0.0,0,0,15,15,100.0,0,10,0,0,0,Match Report,Diego-Carlos,2023-24,,,,,,,,,L,1–5,1,5,0.0,0.0,1
126,0,2023-08-14,Mon,Premier League,Matchweek 1,Home,Manchester Utd,Wolves,N,0,0.0,0.0,0.0,0,0,0,0,0,0,,,0,,,,,,,,,,,,,,,Match Report,Diogo-Dalot,2023-24,0,0,0,0,0,0,0,0,W,1–0,1,0,1.0,1.0,1
127,0,2023-08-13,Sun,Premier League,Matchweek 1,Away,Liverpool,Chelsea,Y,FW,65.0,0.0,0.0,0,0,2,0,1,0,28.0,1.0,0,1.0,0.1,0.1,0.0,3.0,0.0,14.0,18.0,77.8,2.0,10.0,1.0,2.0,1.0,Match Report,Diogo-Jota,2023-24,,,,,,,,,D,1–1,1,1,0.0,0.0,1
128,0,2023-08-12,Sat,Premier League,Matchweek 1,Home,Bournemouth,West Ham,Y,FW,90.0,1.0,0.0,0,0,3,2,0,0,29,1,0,0,1.0,1.0,0.1,5,1,12,16,75.0,2,24,2,3,1,Match Report,Dominic-Solanke,2023-24,,,,,,,,,D,1–1,1,1,0.0,1.0,1
129,0,2023-08-13,Sun,Premier League,Matchweek 1,Away,Liverpool,Chelsea,Y,"RM,LW",90.0,0.0,0.0,0,0,1,0,0,0,56.0,1.0,1,5.0,0.0,0.0,0.3,2.0,0.0,33.0,42.0,78.6,2.0,27.0,1.0,1.0,0.0,Match Report,Dominik-Szoboszlai,2023-24,,,,,,,,,D,1–1,1,1,0.0,0.0,1
130,0,2023-08-12,Sat,Premier League,Matchweek 1,Away,Aston Villa,Newcastle Utd,Y,"DM,CM",90.0,0.0,0.0,0,0,4,1,1,0,87,1,1,1,0.2,0.2,0.1,6,1,69,77,89.6,8,51,0,1,1,Match Report,Douglas-Luiz,2023-24,,,,,,,,,L,1–5,1,5,0.0,0.0,1
131,0,2023-08-12,Sat,Premier League,Matchweek 1,Away,Crystal Palace,Sheffield Utd,Y,AM,90.0,0.0,0.0,0,0,8,0,0,0,76,0,0,1,0.5,0.5,0.5,13,0,44,55,80.0,4,51,3,2,2,Match Report,Eberechi-Eze,2023-24,,,,,,,,,W,1–0,1,0,1.0,0.0,1
133,1,2023-08-12,Sat,Premier League,Matchweek 1,Home,Arsenal,Nott'ham Forest,Y,FW,73.0,1.0,0.0,0,0,3,1,0,0,26.0,1.0,0,1.0,0.2,0.2,0.0,1.0,0.0,16.0,16.0,100.0,0.0,14.0,0.0,3.0,0.0,Match Report,Eddie-Nketiah,2023-24,,,,,,,,,W,2–1,2,1,0.0,1.0,1
135,1,2023-08-11,Fri,Premier League,Matchweek 1,Away,Manchester City,Burnley,Y,GK,90.0,0.0,0.0,0,0,0,0,0,0,75,0,0,0,0.0,0.0,0.0,1,0,62,75,82.7,0,49,0,0,0,Match Report,Ederson,2023-24,,,,,,,,,W,3–0,3,0,1.0,0.0,1
137,0,2023-08-12,Sat,Premier League,Matchweek 1,Away,Luton Town,Brighton,Y,FW,63.0,0.0,0.0,0,0,0,0,0,0,16,0,1,0,0.0,0.0,0.0,1,0,7,10,70.0,4,7,1,3,0,Match Report,Elijah-Adebayo,2023-24,,,,,,,,,L,1–4,1,4,0.0,0.0,1
138,0,2023-08-12,Sat,Premier League,Matchweek 1,Home,Newcastle Utd,Aston Villa,N,RM,1.0,0.0,0.0,0,0,0,0,0,0,3,0,0,0,0.0,0.0,0.0,0,0,1,2,50.0,0,0,0,0,0,Match Report,Elliot-Anderson,2023-24,,,,,,,,,W,5–1,5,1,0.0,1.0,1
139,0,2023-08-13,Sun,Premier League,Matchweek 1,Away,Tottenham,Brentford,Y,RB,90.0,1.0,0.0,0,0,1,1,0,0,130,1,0,1,0.0,0.0,0.0,1,0,105,117,89.7,7,97,6,3,1,Match Report,Emerson,2023-24,,,,,,,,,D,2–2,2,2,0.0,0.0,1
140,0,2023-08-12,Sat,Premier League,Matchweek 1,Away,West Ham,Bournemouth,Y,LB,90.0,0.0,0.0,0,0,0,0,1,0,50,4,1,1,0.0,0.0,0.1,2,0,26,38,68.4,3,17,0,0,0,Match Report,Emerson-Palmieri,2023-24,,,,,,,,,D,1–1,1,1,0.0,0.0,1
142,1,2023-08-12,Sat,Premier League,Matchweek 1,Home,Arsenal,Nott'ham Forest,N,0,0.0,0.0,0.0,0,0,0,0,0,0,,,0,,,,,,,,,,,,,,,Match Report,Emile-Smith-Rowe,2023-24,0,0,0,0,0,0,0,0,W,2–1,2,1,0.0,1.0,1
143,0,2023-08-12,Sat,Premier League,Matchweek 1,Away,Aston Villa,Newcastle Utd,Y,GK,90.0,0.0,0.0,0,0,0,0,1,0,32.0,0.0,0,0.0,0.0,0.0,0.0,0.0,0.0,23.0,27.0,85.2,0.0,16.0,0.0,0.0,0.0,Match Report,Emiliano-Martinez,2023-24,,,,,,,,,L,1–5,1,5,0.0,0.0,1
145,1,2023-08-11,Fri,Premier League,Matchweek 1,Away,Manchester City,Burnley,Y,FW,79.0,2.0,0.0,0,0,4,2,0,0,18.0,0.0,0,0.0,0.6,0.6,0.3,3.0,0.0,9.0,11.0,81.8,1.0,15.0,1.0,0.0,0.0,Match Report,Erling-Haaland,2023-24,,,,,,,,,W,3–0,3,0,1.0,0.0,1
150,0,2023-08-12,Sat,Premier League,Matchweek 1,Away,Nott'ham Forest,Arsenal,N,0,0.0,0.0,0.0,0,0,0,0,0,0,,,0,,,,,,,,,,,,,,,Match Report,Ethan-Horvath,2023-24,0,0,0,0,0,0,0,0,L,1–2,1,2,0.0,0.0,1
151,0,2023-08-13,Sun,Premier League,Matchweek 1,Home,Brentford,Tottenham,Y,CB,90.0,0.0,0.0,0,0,0,0,0,0,33,3,2,0,0.0,0.0,0.0,0,0,14,19,73.7,0,9,0,0,0,Match Report,Ethan-Pinnock,2023-24,,,,,,,,,D,2–2,2,2,0.0,1.0,1
152,0,2023-08-12,Sat,Premier League,Matchweek 1,Home,Brighton,Luton Town,N,FW,13.0,1.0,0.0,0,0,2,1,0,0,10,0,0,0,0.9,0.9,0.1,1,0,6,6,100.0,1,8,0,1,0,Match Report,Evan-Ferguson,2023-24,,,,,,,,,W,4–1,4,1,0.0,1.0,1
153,0,2023-08-12,Sat,Premier League,Matchweek 1,Away,Aston Villa,Newcastle Utd,Y,CB,90.0,0.0,0.0,0,0,0,0,0,0,57,5,0,0,0.0,0.0,0.0,1,0,44,48,91.7,3,34,0,2,1,Match Report,Ezri-Konsa,2023-24,,,,,,,,,L,1–5,1,5,0.0,0.0,1
154,0,2023-08-12,Sat,Premier League,Matchweek 1,Home,Newcastle Utd,Aston Villa,Y,CB,90.0,0.0,0.0,0,0,0,0,0,0,57,0,2,1,0.0,0.0,0.0,0,0,43,49,87.8,0,43,0,0,0,Match Report,Fabian-Schar,2023-24,,,,,,,,,W,5–1,5,1,0.0,1.0,1
156,0,2023-08-14,Mon,Premier League,Matchweek 1,Away,Wolves,Manchester Utd,N,FW,14.0,0.0,0.0,0,0,3,2,0,0,12,1,1,0,0.3,0.3,0.1,1,0,5,5,100.0,0,3,0,0,0,Match Report,Fabio-Silva,2023-24,,,,,,,,,L,0–1,0,1,0.0,0.0,1
158,1,2023-08-12,Sat,Premier League,Matchweek 1,Home,Arsenal,Nott'ham Forest,N,0,0.0,0.0,0.0,0,0,0,0,0,0,,,0,,,,,,,,,,,,,,,Match Report,Fabio-Vieira,2023-24,0,0,0,0,0,0,0,0,W,2–1,2,1,0.0,1.0,1
159,0,2023-08-12,Sat,Premier League,Matchweek 1,Home,Brighton,Luton Town,N,0,0.0,0.0,0.0,0,0,0,0,0,0,,,0,,,,,,,,,,,,,,,Match Report,Facundo-Buonanotte,2023-24,0,0,0,0,0,0,0,0,W,4–1,4,1,0.0,1.0,1
160,0,2023-08-14,Mon,Premier League,Matchweek 1,Home,Manchester Utd,Wolves,N,RM,14.0,0.0,0.0,0,0,1,0,0,0,7,1,0,0,0.4,0.4,0.0,0,0,2,3,66.7,0,3,0,1,0,Match Report,Facundo-Pellistri,2023-24,,,,,,,,,W,1–0,1,0,1.0,1.0,1
165,1,2023-08-12,Sat,Premier League,Matchweek 1,Home,Arsenal,Nott'ham Forest,N,CB,5.0,0.0,0.0,0,0,0,0,0,0,4.0,0.0,0,0.0,0.0,0.0,0.0,0.0,0.0,2.0,3.0,66.7,0.0,2.0,0.0,0.0,0.0,Match Report,Gabriel-Dos-Santos,2023-24,,,,,,,,,W,2–1,2,1,0.0,1.0,1
170,0,2023-08-12,Sat,Premier League,Matchweek 1,Home,Bournemouth,West Ham,N,0,0.0,0.0,0.0,0,0,0,0,0,0,,,0,,,,,,,,,,,,,,,Match Report,Gavin-Kilkenny,2023-24,0,0,0,0,0,0,0,0,D,1–1,1,1,0.0,1.0,1
171,0,2023-08-12,Sat,Premier League,Matchweek 1,Home,Sheffield Utd,Crystal Palace,Y,"RM,RB",90.0,0.0,0.0,0,0,0,0,0,0,52,2,0,2,0.0,0.0,0.0,2,0,27,43,62.8,3,24,1,1,1,Match Report,George-Baldock,2023-24,,,,,,,,,L,0–1,0,1,0.0,1.0,1
172,0,2023-08-13,Sun,Premier League,Matchweek 1,Away,Tottenham,Brentford,N,0,0.0,0.0,0.0,0,0,0,0,0,0,,,0,,,,,,,,,,,,,,,Match Report,Giovani-Lo-Celso,2023-24,0,0,0,0,0,0,0,0,D,2–2,2,2,0.0,0.0,1
174,0,2023-08-13,Sun,Premier League,Matchweek 1,Away,Tottenham,Brentford,Y,GK,90.0,0.0,0.0,0,0,0,0,1,0,36,0,0,0,0.0,0.0,0.0,0,0,20,31,64.5,0,25,0,0,0,Match Report,Guglielmo-Vicario,2023-24,,,,,,,,,D,2–2,2,2,0.0,0.0,1
175,0,2023-08-12,Sat,Premier League,Matchweek 1,Home,Bournemouth,West Ham,N,0,0.0,0.0,0.0,0,0,0,0,0,0,,,0,,,,,,,,,,,,,,,Match Report,Hamed-Junior-Traore,2023-24,0,0,0,0,0,0,0,0,D,1–1,1,1,0.0,1.0,1
179,0,2023-08-12,Sat,Premier League,Matchweek 1,Away,Fulham,Everton,Y,RM,90.0,0.0,0.0,0,0,0,0,0,0,44,1,1,1,0.0,0.0,0.1,1,0,31,39,79.5,2,32,0,0,0,Match Report,Harrison-Reed,2023-24,,,,,,,,,W,1–0,1,0,1.0,0.0,1
180,0,2023-08-14,Mon,Premier League,Matchweek 1,Home,Manchester Utd,Wolves,N,0,0.0,0.0,0.0,0,0,0,0,0,0,,,0,,,,,,,,,,,,,,,Match Report,Harry-Maguire,2023-24,0,0,0,0,0,0,0,0,W,1–0,1,0,1.0,1.0,1
182,0,2023-08-12,Sat,Premier League,Matchweek 1,Away,Fulham,Everton,Y,RW,90.0,0.0,0.0,0,0,1,0,0,0,34,1,0,1,0.1,0.1,0.4,5,1,27,29,93.1,4,33,3,1,1,Match Report,Harry-Wilson,2023-24,,,,,,,,,W,1–0,1,0,1.0,0.0,1
183,0,2023-08-12,Sat,Premier League,Matchweek 1,Home,Newcastle Utd,Aston Villa,N,LW,23.0,1.0,1.0,0,0,1,1,0,0,15,0,0,0,0.5,0.5,0.9,2,1,8,12,66.7,1,16,3,1,0,Match Report,Harvey-Barnes,2023-24,,,,,,,,,W,5–1,5,1,0.0,1.0,1
184,0,2023-08-13,Sun,Premier League,Matchweek 1,Away,Liverpool,Chelsea,N,RM,14.0,0.0,0.0,0,0,0,0,0,0,13,0,1,0,0.0,0.0,0.0,1,0,8,10,80.0,3,7,0,1,1,Match Report,Harvey-Elliott,2023-24,,,,,,,,,D,1–1,1,1,0.0,0.0,1
185,0,2023-08-11,Fri,Premier League,Matchweek 1,Home,Burnley,Manchester City,N,0,0.0,0.0,0.0,0,0,0,0,0,0,,,0,,,,,,,,,,,,,,,Match Report,Hjalmar-Ekdal,2023-24,0,0,0,0,0,0,0,0,L,0–3,0,3,0.0,1.0,1
186,0,2023-08-14,Mon,Premier League,Matchweek 1,Away,Wolves,Manchester Utd,N,LB,14.0,0.0,0.0,0,0,1,0,0,0,22,1,0,1,0.0,0.0,0.1,3,0,15,20,75.0,0,16,3,1,1,Match Report,Hugo-Bueno,2023-24,,,,,,,,,L,0–1,0,1,0.0,0.0,1
187,0,2023-08-14,Mon,Premier League,Matchweek 1,Away,Wolves,Manchester Utd,N,"LW,LM",28.0,0.0,0.0,0,0,4,0,0,0,22,0,0,0,0.3,0.3,0.0,4,0,13,15,86.7,2,17,2,2,2,Match Report,Hwang-Hee-chan,2023-24,,,,,,,,,L,0–1,0,1,0.0,0.0,1
188,0,2023-08-13,Sun,Premier League,Matchweek 1,Away,Liverpool,Chelsea,Y,CB,90.0,0.0,0.0,0,0,0,0,0,0,52,3,1,1,0.0,0.0,0.0,0,0,32,38,84.2,0,24,0,0,0,Match Report,Ibrahima-Konate,2023-24,,,,,,,,,D,1–1,1,1,0.0,0.0,1
189,0,2023-08-12,Sat,Premier League,Matchweek 1,Home,Everton,Fulham,Y,CM,90.0,0.0,0.0,0,0,2,0,0,0,70,6,1,3,0.1,0.1,0.0,4,0,48,57,84.2,2,37,0,0,0,Match Report,Idrissa-Gana-Gueye,2023-24,,,,,,,,,L,0–1,0,1,0.0,1.0,1
190,0,2023-08-12,Sat,Premier League,Matchweek 1,Home,Brighton,Luton Town,N,0,0.0,0.0,0.0,0,0,0,0,0,0,,,0,,,,,,,,,,,,,,,Match Report,Igor,2023-24,0,0,0,0,0,0,0,0,W,4–1,4,1,0.0,1.0,1
194,0,2023-08-12,Sat,Premier League,Matchweek 1,Home,Bournemouth,West Ham,Y,CB,90.0,0.0,0.0,0,0,0,0,0,0,102,1,1,1,0.0,0.0,0.0,2,0,77,96,80.2,4,69,0,1,0,Match Report,Ilya-Zabarnyi,2023-24,,,,,,,,,D,1–1,1,1,0.0,1.0,1
195,0,2023-08-12,Sat,Premier League,Matchweek 1,Away,Fulham,Everton,Y,CB,90.0,0.0,0.0,0,0,0,0,0,0,91,1,0,2,0.0,0.0,0.0,0,0,73,80,91.3,4,72,2,0,0,Match Report,Issa-Diop,2023-24,,,,,,,,,W,1–0,1,0,1.0,0.0,1
196,0,2023-08-13,Sun,Premier League,Matchweek 1,Away,Tottenham,Brentford,N,LW,16.0,0.0,0.0,0,0,0,0,0,0,17.0,0.0,0,0.0,0.0,0.0,0.1,2.0,0.0,11.0,16.0,68.8,3.0,13.0,2.0,3.0,3.0,Match Report,Ivan-Perisic,2023-24,,,,,,,,,D,2–2,2,2,0.0,0.0,1
197,0,2023-08-11,Fri,Premier League,Matchweek 1,Home,Burnley,Manchester City,N,0,0.0,0.0,0.0,0,0,0,0,0,0,,,0,,,,,,,,,,,,,,,Match Report,Jack-Cork,2023-24,0,0,0,0,0,0,0,0,L,0–3,0,3,0.0,1.0,1
199,1,2023-08-11,Fri,Premier League,Matchweek 1,Away,Manchester City,Burnley,N,0,0.0,0.0,0.0,0,0,0,0,0,0,,,0,,,,,,,,,,,,,,,Match Report,Jack-Grealish,2023-24,0,0,0,0,0,0,0,0,W,3–0,3,0,1.0,0.0,1
201,0,2023-08-12,Sat,Premier League,Matchweek 1,Home,Sheffield Utd,Crystal Palace,Y,CB,79.0,0.0,0.0,0,0,0,0,0,0,33,0,1,3,0.0,0.0,0.0,0,0,11,21,52.4,0,9,0,0,0,Match Report,Jack-Robinson,2023-24,,,,,,,,,L,0–1,0,1,0.0,1.0,1
202,0,2023-08-12,Sat,Premier League,Matchweek 1,Home,Newcastle Utd,Aston Villa,N,RW,5.0,0.0,1.0,0,0,0,0,0,0,8,0,0,0,0.0,0.0,0.6,3,2,5,5,100.0,3,5,1,2,2,Match Report,Jacob-Murphy,2023-24,,,,,,,,,W,5–1,5,1,0.0,1.0,1
203,0,2023-08-14,Mon,Premier League,Matchweek 1,Home,Manchester Utd,Wolves,N,LM,23.0,0.0,0.0,0,0,0,0,0,0,20.0,0.0,1,1.0,0.0,0.0,0.1,2.0,0.0,11.0,16.0,68.8,2.0,13.0,5.0,2.0,0.0,Match Report,Jadon-Sancho,2023-24,,,,,,,,,W,1–0,1,0,1.0,1.0,1
204,0,2023-08-12,Sat,Premier League,Matchweek 1,Home,Bournemouth,West Ham,Y,LW,59.0,0.0,0.0,0,0,0,0,0,0,24,2,1,2,0.0,0.0,0.0,0,0,8,13,61.5,1,13,0,1,1,Match Report,Jaidon-Anthony,2023-24,,,,,,,,,D,1–1,1,1,0.0,1.0,1
205,0,2023-08-12,Sat,Premier League,Matchweek 1,Away,Crystal Palace,Sheffield Utd,N,0,0.0,0.0,0.0,0,0,0,0,0,0,,,0,,,,,,,,,,,,,,,Match Report,Jairo-Riedewald,2023-24,0,0,0,0,0,0,0,0,W,1–0,1,0,1.0,0.0,1
207,1,2023-08-12,Sat,Premier League,Matchweek 1,Home,Arsenal,Nott'ham Forest,N,0,0.0,0.0,0.0,0,0,0,0,0,0,,,0,,,,,,,,,,,,,,,Match Report,Jakub-Kiwior,2023-24,0,0,0,0,0,0,0,0,W,2–1,2,1,0.0,1.0,1
208,0,2023-08-12,Sat,Premier League,Matchweek 1,Home,Newcastle Utd,Aston Villa,N,0,0.0,0.0,0.0,0,0,0,0,0,0,,,0,,,,,,,,,,,,,,,Match Report,Jamaal-Lascelles,2023-24,0,0,0,0,0,0,0,0,W,5–1,5,1,0.0,1.0,1
209,0,2023-08-12,Sat,Premier League,Matchweek 1,Home,Everton,Fulham,Y,RM,82.0,0.0,0.0,0,0,0,0,0,0,42,1,1,1,0.0,0.0,0.0,4,0,23,35,65.7,1,27,0,4,3,Match Report,James-Garner,2023-24,,,,,,,,,L,0–1,0,1,0.0,1.0,1
210,0,2023-08-12,Sat,Premier League,Matchweek 1,Home,Bournemouth,West Ham,N,RB,16.0,0.0,0.0,0,0,0,0,0,0,12,0,0,0,0.0,0.0,0.0,0,0,10,11,90.9,3,9,0,0,0,Match Report,James-Hill,2023-24,,,,,,,,,D,1–1,1,1,0.0,1.0,1
211,0,2023-08-12,Sat,Premier League,Matchweek 1,Away,Luton Town,Brighton,N,0,0.0,0.0,0.0,0,0,0,0,0,0,,,0,,,,,,,,,,,,,,,Match Report,James-Shea,2023-24,0,0,0,0,0,0,0,0,L,1–4,1,4,0.0,0.0,1
212,0,2023-08-12,Sat,Premier League,Matchweek 1,Home,Everton,Fulham,Y*,CB,90.0,0.0,0.0,0,0,1,0,0,0,46,0,4,1,0.0,0.0,0.0,0,0,27,36,75.0,5,32,0,0,0,Match Report,James-Tarkowski,2023-24,,,,,,,,,L,0–1,0,1,0.0,1.0,1
213,0,2023-08-12,Sat,Premier League,Matchweek 1,Away,Crystal Palace,Sheffield Utd,N,CB,1.0,0.0,0.0,0,0,0,0,0,0,1,0,0,0,0.0,0.0,0.0,0,0,1,1,100.0,0,0,0,0,0,Match Report,James-Tomkins,2023-24,,,,,,,,,W,1–0,1,0,1.0,0.0,1
214,0,2023-08-12,Sat,Premier League,Matchweek 1,Home,Brighton,Luton Town,Y,CB,90.0,0.0,0.0,0,0,1,1,0,0,87,1,2,1,0.0,0.0,0.0,1,0,72,74,97.3,6,64,0,0,0,Match Report,Jan-Paul-van-Hecke,2023-24,,,,,,,,,W,4–1,4,1,0.0,1.0,1
215,0,2023-08-12,Sat,Premier League,Matchweek 1,Home,Everton,Fulham,N,0,0.0,0.0,0.0,0,0,0,0,0,0,,,0,,,,,,,,,,,,,,,Match Report,Jarrad-Branthwaite,2023-24,0,0,0,0,0,0,0,0,L,0–1,0,1,0.0,1.0,1
216,0,2023-08-12,Sat,Premier League,Matchweek 1,Away,West Ham,Bournemouth,Y,RW,90.0,1.0,0.0,0,0,6,1,1,0,42,2,0,1,0.2,0.2,0.5,5,0,18,27,66.7,2,19,3,7,4,Match Report,Jarrod-Bowen,2023-24,,,,,,,,,D,1–1,1,1,0.0,0.0,1
217,0,2023-08-12,Sat,Premier League,Matchweek 1,Home,Brighton,Luton Town,Y,GK,90.0,0.0,0.0,0,0,0,0,0,0,42,0,0,0,0.0,0.0,0.0,0,0,39,39,100.0,0,28,0,0,0,Match Report,Jason-Steele,2023-24,,,,,,,,,W,4–1,4,1,0.0,1.0,1
218,0,2023-08-12,Sat,Premier League,Matchweek 1,Away,Crystal Palace,Sheffield Utd,N,0,0.0,0.0,0.0,0,0,0,0,0,0,,,0,,,,,,,,,,,,,,,Match Report,Jean-Philippe-Mateta,2023-24,0,0,0,0,0,0,0,0,W,1–0,1,0,1.0,0.0,1
219,0,2023-08-12,Sat,Premier League,Matchweek 1,Away,Crystal Palace,Sheffield Utd,Y,LW,90.0,0.0,0.0,0,0,2,1,0,0,40,4,0,0,0.1,0.1,0.0,4,0,17,28,60.7,3,30,0,4,3,Match Report,Jeffrey-Schlupp,2023-24,,,,,,,,,W,1–0,1,0,1.0,0.0,1
223,0,2023-08-12,Sat,Premier League,Matchweek 1,Away,Crystal Palace,Sheffield Utd,Y,CB,90.0,0.0,0.0,0,0,2,2,0,0,99,3,0,1,0.2,0.2,0.1,5,0,78,86,90.7,10,69,4,2,2,Match Report,Joachim-Andersen,2023-24,,,,,,,,,W,1–0,1,0,1.0,0.0,1
224,0,2023-08-14,Mon,Premier League,Matchweek 1,Away,Wolves,Manchester Utd,Y,"CM,DM",87.0,0.0,0.0,0,0,1,0,0,0,48,4,0,0,0.0,0.0,0.1,6,0,31,38,81.6,3,28,0,3,2,Match Report,Joao-Gomes,2023-24,,,,,,,,,L,0–1,0,1,0.0,0.0,1
225,0,2023-08-12,Sat,Premier League,Matchweek 1,Home,Everton,Fulham,N,0,0.0,0.0,0.0,0,0,0,0,0,0,,,0,,,,,,,,,,,,,,,Match Report,Joao-Virginia,2023-24,0,0,0,0,0,0,0,0,L,0–1,0,1,0.0,1.0,1
226,0,2023-08-13,Sun,Premier League,Matchweek 1,Away,Liverpool,Chelsea,N,0,0.0,0.0,0.0,0,0,0,0,0,0,,,0,,,,,,,,,,,,,,,Match Report,Joe-Gomez,2023-24,0,0,0,0,0,0,0,0,D,1–1,1,1,0.0,0.0,1
227,0,2023-08-14,Mon,Premier League,Matchweek 1,Away,Wolves,Manchester Utd,N,0,0.0,0.0,0.0,0,0,0,0,0,0,,,0,,,,,,,,,,,,,,,Match Report,Joe-Hodge,2023-24,0,0,0,0,0,0,0,0,L,0–1,0,1,0.0,0.0,1
229,0,2023-08-12,Sat,Premier League,Matchweek 1,Home,Bournemouth,West Ham,Y,DM,90.0,0.0,0.0,0,0,1,0,0,0,87,3,0,3,0.0,0.0,0.0,5,0,61,75,81.3,5,51,0,5,2,Match Report,Joe-Rothwell,2023-24,,,,,,,,,D,1–1,1,1,0.0,1.0,1
233,0,2023-08-12,Sat,Premier League,Matchweek 1,Away,Nott'ham Forest,Arsenal,Y*,CB,89.0,0.0,0.0,0,0,0,0,0,0,24,1,1,1,0.0,0.0,0.0,0,0,10,16,62.5,0,11,0,0,0,Match Report,Joe-Worrall,2023-24,,,,,,,,,L,1–2,1,2,0.0,0.0,1
234,0,2023-08-13,Sun,Premier League,Matchweek 1,Away,Liverpool,Chelsea,N,0,0.0,0.0,0.0,0,0,0,0,0,0,,,0,,,,,,,,,,,,,,,Match Report,Joel-Matip,2023-24,0,0,0,0,0,0,0,0,D,1–1,1,1,0.0,0.0,1
235,0,2023-08-12,Sat,Premier League,Matchweek 1,Home,Brighton,Luton Town,N,RB,12.0,0.0,0.0,0,0,0,0,0,0,4,0,0,0,0.0,0.0,0.0,0,0,2,2,100.0,0,1,0,0,0,Match Report,Joel-Veltman,2023-24,,,,,,,,,W,4–1,4,1,0.0,1.0,1
236,0,2023-08-12,Sat,Premier League,Matchweek 1,Away,Crystal Palace,Sheffield Utd,Y*,RB,90.0,0.0,0.0,0,0,0,0,0,0,83,2,0,1,0.0,0.0,0.0,0,0,61,73,83.6,5,43,3,1,0,Match Report,Joel-Ward,2023-24,,,,,,,,,W,1–0,1,0,1.0,0.0,1
237,0,2023-08-12,Sat,Premier League,Matchweek 1,Home,Newcastle Utd,Aston Villa,Y,LM,90.0,0.0,0.0,0,0,1,0,0,0,48,4,0,0,0.1,0.1,0.0,4,1,36,40,90.0,4,31,1,0,0,Match Report,Joelinton,2023-24,,,,,,,,,W,5–1,5,1,0.0,1.0,1
238,0,2023-08-11,Fri,Premier League,Matchweek 1,Home,Burnley,Manchester City,N,0,0.0,0.0,0.0,0,0,0,0,0,0,,,0,,,,,,,,,,,,,,,Match Report,Johann-Berg-Gudmundsson,2023-24,0,0,0,0,0,0,0,0,L,0–3,0,3,0.0,1.0,1
239,0,2023-08-12,Sat,Premier League,Matchweek 1,Home,Sheffield Utd,Crystal Palace,Y*,CB,90.0,0.0,0.0,0,0,1,0,0,0,38,1,2,1,0.0,0.0,0.0,0,0,8,23,34.8,1,10,0,0,0,Match Report,John-Egan,2023-24,,,,,,,,,L,0–1,0,1,0.0,1.0,1
240,0,2023-08-12,Sat,Premier League,Matchweek 1,Away,Aston Villa,Newcastle Utd,Y*,"LW,AM",63.0,0.0,0.0,0,0,0,0,0,0,22.0,0.0,0,0.0,0.0,0.0,0.0,1.0,0.0,13.0,18.0,72.2,1.0,16.0,0.0,2.0,0.0,Match Report,John-McGinn,2023-24,,,,,,,,,L,1–5,1,5,0.0,0.0,1
241,0,2023-08-12,Sat,Premier League,Matchweek 1,Away,Luton Town,Brighton,N,0,0.0,0.0,0.0,0,0,0,0,0,0,,,0,,,,,,,,,,,,,,,Match Report,John-Mcatee,2023-24,0,0,0,0,0,0,0,0,L,1–4,1,4,0.0,0.0,1
244,0,2023-08-12,Sat,Premier League,Matchweek 1,Away,Crystal Palace,Sheffield Utd,Y,RW,90.0,0.0,1.0,0,0,2,1,0,0,61,1,1,4,0.1,0.1,0.7,4,1,34,46,73.9,1,38,4,4,1,Match Report,Jordan-Ayew,2023-24,,,,,,,,,W,1–0,1,0,1.0,0.0,1
245,0,2023-08-11,Fri,Premier League,Matchweek 1,Home,Burnley,Manchester City,Y,CB,73.0,0.0,0.0,0,0,0,0,0,0,49,4,4,2,0.0,0.0,0.0,0,0,28,35,80.0,0,21,0,1,0,Match Report,Jordan-Beyer,2023-24,,,,,,,,,L,0–3,0,3,0.0,1.0,1
247,0,2023-08-12,Sat,Premier League,Matchweek 1,Home,Everton,Fulham,Y,GK,90.0,0.0,0.0,0,0,0,0,0,0,36.0,0.0,0,0.0,0.0,0.0,0.0,1.0,0.0,22.0,34.0,64.7,0.0,18.0,0.0,0.0,0.0,Match Report,Jordan-Pickford,2023-24,,,,,,,,,L,0–1,0,1,0.0,1.0,1
248,0,2023-08-12,Sat,Premier League,Matchweek 1,Home,Arsenal,Nott'ham Forest,N,0,0.0,0.0,0.0,0,0,0,0,0,0,,,0,,,,,,,,,,,,,,,Match Report,Jorginho,2023-24,0,0,0,0,0,0,0,0,W,2–1,2,1,0.0,1.0,1
249,0,2023-08-14,Mon,Premier League,Matchweek 1,Away,Wolves,Manchester Utd,Y,GK,90.0,0.0,0.0,0,0,0,0,0,0,35,0,0,0,0.0,0.0,0.0,0,0,28,34,82.4,0,21,0,0,0,Match Report,Jose-Sa,2023-24,,,,,,,,,L,0–1,0,1,0.0,0.0,1
250,0,2023-08-11,Fri,Premier League,Matchweek 1,Home,Burnley,Manchester City,N,CM,1.0,0.0,0.0,0,0,0,0,0,0,2,0,0,0,0.0,0.0,0.0,0,0,2,2,100.0,0,0,0,0,0,Match Report,Josh-Brownhill,2023-24,,,,,,,,,L,0–3,0,3,0.0,1.0,1
251,0,2023-08-11,Fri,Premier League,Matchweek 1,Home,Burnley,Manchester City,Y*,CM,90.0,0.0,0.0,0,0,0,0,0,0,46,1,0,1,0.0,0.0,0.0,0,0,37,43,86.0,2,16,0,0,0,Match Report,Josh-Cullen,2023-24,,,,,,,,,L,0–3,0,3,0.0,1.0,1
252,0,2023-08-13,Sun,Premier League,Matchweek 1,Home,Brentford,Tottenham,N,0,0.0,0.0,0.0,0,0,0,0,0,0,,,0,,,,,,,,,,,,,,,Match Report,Josh-Dasilva,2023-24,0,0,0,0,0,0,0,0,D,2–2,2,2,0.0,1.0,1
253,0,2023-08-11,Fri,Premier League,Matchweek 1,Away,Manchester City,Burnley,N,LB,12.0,0.0,0.0,0,0,0,0,0,0,13.0,2.0,0,0.0,0.0,0.0,0.0,0.0,0.0,5.0,7.0,71.4,0.0,4.0,0.0,0.0,0.0,Match Report,Josko-Gvardiol,2023-24,,,,,,,,,W,3–0,3,0,1.0,0.0,1
256,1,2023-08-11,Fri,Premier League,Matchweek 1,Away,Manchester City,Burnley,Y,"LM,AM,FW",90.0,0.0,1.0,0,0,3,1,0,0,53.0,1.0,0,1.0,0.3,0.3,0.3,6.0,1.0,36.0,44.0,81.8,2.0,25.0,2.0,0.0,0.0,Match Report,Julian-Alvarez,2023-24,,,,,,,,,W,3–0,3,0,1.0,0.0,1
258,0,2023-08-12,Sat,Premier League,Matchweek 1,Home,Brighton,Luton Town,N,AM,3.0,0.0,0.0,0,0,0,0,0,0,1,0,0,0,0.0,0.0,0.0,0,0,0,0,,0,1,0,1,0,Match Report,Julio-Cesar-Enciso,2023-24,,,,,,,,,W,4–1,4,1,0.0,1.0,1
260,1,2023-08-12,Sat,Premier League,Matchweek 1,Home,Arsenal,Nott'ham Forest,Y,LB,49.0,0.0,0.0,0,0,0,0,1,0,51.0,1.0,0,0.0,0.0,0.0,0.0,0.0,0.0,44.0,49.0,89.8,7.0,39.0,0.0,0.0,0.0,Match Report,Jurrien-Timber,2023-24,,,,,,,,,W,2–1,2,1,0.0,1.0,1
261,0,2023-08-12,Sat,Premier League,Matchweek 1,Home,Bournemouth,West Ham,N,LW,31.0,0.0,0.0,0,0,0,0,0,0,18,0,1,2,0.0,0.0,0.0,0,0,6,9,66.7,1,13,0,0,0,Match Report,Justin-Kluivert,2023-24,,,,,,,,,D,1–1,1,1,0.0,1.0,1
263,1,2023-08-12,Sat,Premier League,Matchweek 1,Home,Arsenal,Nott'ham Forest,Y,"LM,FW",90.0,0.0,0.0,0,0,2,0,0,0,65.0,1.0,1,1.0,0.1,0.1,0.2,3.0,0.0,47.0,54.0,87.0,4.0,54.0,3.0,1.0,0.0,Match Report,Kai-Havertz,2023-24,,,,,,,,,W,2–1,2,1,0.0,1.0,1
265,1,2023-08-11,Fri,Premier League,Matchweek 1,Away,Manchester City,Burnley,N,0,0.0,0.0,0.0,0,0,0,0,0,0,,,0,,,,,,,,,,,,,,,Match Report,Kalvin-Phillips,2023-24,0,0,0,0,0,0,0,0,W,3–0,3,0,1.0,0.0,1
267,0,2023-08-12,Sat,Premier League,Matchweek 1,Home,Brighton,Luton Town,Y,LW,90.0,0.0,1.0,0,0,1,0,1,0,55,1,0,0,0.0,0.0,0.6,8,2,42,48,87.5,5,46,7,3,1,Match Report,Kaoru-Mitoma,2023-24,,,,,,,,,W,4–1,4,1,0.0,1.0,1
271,0,2023-08-13,Sun,Premier League,Matchweek 1,Home,Brentford,Tottenham,N,0,0.0,0.0,0.0,0,0,0,0,0,0,,,0,,,,,,,,,,,,,,,Match Report,Keane-Lewis-Potter,2023-24,0,0,0,0,0,0,0,0,D,2–2,2,2,0.0,1.0,1
272,0,2023-08-12,Sat,Premier League,Matchweek 1,Away,Fulham,Everton,Y,RB,90.0,0.0,0.0,0,0,0,0,1,0,84,1,2,1,0.0,0.0,0.1,3,0,58,72,80.6,6,52,2,3,1,Match Report,Kenny-Tete,2023-24,,,,,,,,,W,1–0,1,0,1.0,0.0,1
274,1,2023-08-11,Fri,Premier League,Matchweek 1,Away,Manchester City,Burnley,Y*,DM,22.0,0.0,0.0,0,0,1,0,0,0,12.0,0.0,0,0.0,0.0,0.0,0.2,2.0,1.0,6.0,10.0,60.0,1.0,5.0,0.0,0.0,0.0,Match Report,Kevin-De-Bruyne,2023-24,,,,,,,,,W,3–0,3,0,1.0,0.0,1
275,0,2023-08-12,Sat,Premier League,Matchweek 1,Away,Fulham,Everton,N,0,0.0,0.0,0.0,0,0,0,0,0,0,,,0,,,,,,,,,,,,,,,Match Report,Kevin-Mbabu,2023-24,0,0,0,0,0,0,0,0,W,1–0,1,0,1.0,0.0,1
276,0,2023-08-13,Sun,Premier League,Matchweek 1,Home,Brentford,Tottenham,N,FW,19.0,0.0,0.0,0,0,1,0,0,0,5,0,0,0,0.3,0.3,0.0,0,0,0,1,0.0,0,3,0,0,0,Match Report,Kevin-Schade,2023-24,,,,,,,,,D,2–2,2,2,0.0,1.0,1
280,0,2023-08-12,Sat,Premier League,Matchweek 1,Home,Bournemouth,West Ham,N,AM,24.0,0.0,0.0,0,0,1,0,0,0,10,0,0,0,0.0,0.0,0.0,0,0,6,8,75.0,0,8,1,0,0,Match Report,Kieffer-Moore,2023-24,,,,,,,,,D,1–1,1,1,0.0,1.0,1
282,0,2023-08-12,Sat,Premier League,Matchweek 1,Home,Newcastle Utd,Aston Villa,Y*,RB,90.0,0.0,0.0,0,0,0,0,0,0,91.0,0.0,1,1.0,0.0,0.0,0.4,6.0,0.0,68.0,83.0,81.9,5.0,58.0,0.0,1.0,1.0,Match Report,Kieran-Trippier,2023-24,,,,,,,,,W,5–1,5,1,0.0,1.0,1
283,0,2023-08-13,Sun,Premier League,Matchweek 1,Away,Liverpool,Chelsea,N,0,0.0,0.0,0.0,0,0,0,0,0,0,,,0,,,,,,,,,,,,,,,Match Report,Kostas-Tsimikas,2023-24,0,0,0,0,0,0,0,0,D,1–1,1,1,0.0,0.0,1
284,0,2023-08-13,Sun,Premier League,Matchweek 1,Home,Brentford,Tottenham,Y,CB,83.0,0.0,0.0,0,0,0,0,0,0,35,0,1,2,0.0,0.0,0.0,1,0,19,25,76.0,1,9,0,0,0,Match Report,Kristoffer-Ajer,2023-24,,,,,,,,,D,2–2,2,2,0.0,1.0,1
285,0,2023-08-12,Sat,Premier League,Matchweek 1,Away,West Ham,Bournemouth,Y*,CB,90.0,0.0,0.0,0,0,0,0,0,0,36.0,0.0,0,2.0,0.0,0.0,0.0,0.0,0.0,19.0,25.0,76.0,0.0,13.0,0.0,0.0,0.0,Match Report,Kurt-Zouma,2023-24,,,,,,,,,D,1–1,1,1,0.0,0.0,1
287,1,2023-08-11,Fri,Premier League,Matchweek 1,Away,Manchester City,Burnley,Y,RB,89.0,0.0,0.0,0,0,0,0,0,0,81.0,0.0,0,0.0,0.0,0.0,0.0,2.0,1.0,66.0,72.0,91.7,2.0,48.0,1.0,3.0,0.0,Match Report,Kyle-Walker,2023-24,,,,,,,,,W,3–0,3,0,1.0,0.0,1
290,1,2023-08-12,Sat,Premier League,Matchweek 1,Home,Arsenal,Nott'ham Forest,N,"LM,LW",17.0,0.0,0.0,0,0,0,0,0,0,12.0,1.0,0,1.0,0.0,0.0,0.0,3.0,0.0,7.0,10.0,70.0,1.0,5.0,1.0,1.0,1.0,Match Report,Leandro-Trossard,2023-24,,,,,,,,,W,2–1,2,1,0.0,1.0,1
294,3,2023-08-12,Sat,Premier League,Matchweek 1,Away,Aston Villa,Newcastle Utd,Y,RW,45.0,0.0,0.0,0,0,0,0,0,0,24.0,0.0,1,1.0,0.0,0.0,0.0,1.0,0.0,5.0,17.0,29.4,0.0,14.0,2.0,1.0,0.0,Match Report,Leon-Bailey,2023-24,,,,,,,,,L,1–5,1,5,0.0,0.0,1
295,0,2023-08-13,Sun,Premier League,Matchweek 1,Home,Chelsea,Liverpool,Y,"CB,LB",90.0,0.0,0.0,0,0,1,0,0,0,78,2,1,2,0.1,0.1,0.3,3,0,57,69,82.6,5,59,1,1,1,Match Report,Levi-Colwill,2023-24,,,,,,,,,D,1–1,1,1,0.0,1.0,1
296,0,2023-08-12,Sat,Premier League,Matchweek 1,Home,Brighton,Luton Town,Y*,CB,90.0,0.0,0.0,0,0,2,0,0,0,124,1,0,0,0.1,0.1,0.0,3,1,110,119,92.4,11,105,5,0,0,Match Report,Lewis-Dunk,2023-24,,,,,,,,,W,4–1,4,1,0.0,1.0,1
301,4,2023-08-12,Sat,Premier League,Matchweek 1,Away,Nott'ham Forest,Arsenal,N,0,0.0,0.0,0.0,0,0,0,0,0,0,,,0,,,,,,,,,,,,,,,Match Report,Lewis-O'Brien,2023-24,0,0,0,0,0,0,0,0,L,1–2,1,2,0.0,0.0,1
302,0,2023-08-14,Mon,Premier League,Matchweek 1,Home,Manchester Utd,Wolves,Y,CB,45.0,0.0,0.0,0,0,0,0,1,0,41.0,1.0,0,0.0,0.0,0.0,0.0,2.0,0.0,36.0,39.0,92.3,5.0,31.0,2.0,1.0,1.0,Match Report,Lisandro-Martinez,2023-24,,,,,,,,,W,1–0,1,0,1.0,1.0,1
303,0,2023-08-12,Sat,Premier League,Matchweek 1,Away,Aston Villa,Newcastle Utd,Y,"LB,LW",90.0,0.0,0.0,0,0,0,0,1,0,58.0,2.0,1,1.0,0.0,0.0,0.2,5.0,0.0,37.0,50.0,74.0,2.0,25.0,0.0,1.0,0.0,Match Report,Lucas-Digne,2023-24,,,,,,,,,L,1–5,1,5,0.0,0.0,1
304,0,2023-08-12,Sat,Premier League,Matchweek 1,Away,West Ham,Bournemouth,Y,"DM,AM",89.0,0.0,0.0,0,0,3,0,1,0,57.0,8.0,0,0.0,0.2,0.2,0.1,2.0,0.0,31.0,40.0,77.5,6.0,27.0,0.0,2.0,0.0,Match Report,Lucas-Paqueta,2023-24,,,,,,,,,D,1–1,1,1,0.0,0.0,1
305,0,2023-08-13,Sun,Premier League,Matchweek 1,Away,Liverpool,Chelsea,Y,LW,76.0,1.0,0.0,0,0,4,1,0,0,28,1,0,1,0.8,0.8,0.2,4,0,18,20,90.0,3,21,4,3,2,Match Report,Luis-Diaz,2023-24,,,,,,,,,D,1–1,1,1,0.0,0.0,1
306,0,2023-08-12,Sat,Premier League,Matchweek 1,Away,West Ham,Bournemouth,N,0,0.0,0.0,0.0,0,0,0,0,0,0,,,0,,,,,,,,,,,,,,,Match Report,Lukasz-Fabianski,2023-24,0,0,0,0,0,0,0,0,D,1–1,1,1,0.0,0.0,1
307,0,2023-08-12,Sat,Premier League,Matchweek 1,Away,Luton Town,Brighton,N,CM,3.0,0.0,0.0,0,0,0,0,0,0,0,0,0,0,0.0,0.0,0.0,0,0,0,0,,0,0,0,0,0,Match Report,Luke-Berry,2023-24,,,,,,,,,L,1–4,1,4,0.0,0.0,1
317,0,2023-08-14,Mon,Premier League,Matchweek 1,Home,Manchester Utd,Wolves,Y,LB,90.0,0.0,0.0,0,0,0,0,1,0,87.0,2.0,2,4.0,0.0,0.0,0.0,0.0,0.0,55.0,67.0,82.1,9.0,41.0,0.0,0.0,0.0,Match Report,Luke-Shaw,2023-24,,,,,,,,,W,1–0,1,0,1.0,1.0,1
318,0,2023-08-11,Fri,Premier League,Matchweek 1,Home,Burnley,Manchester City,Y,LM,89.0,0.0,0.0,0,0,2,0,0,0,37,2,0,2,0.1,0.1,0.0,3,0,14,20,70.0,2,14,2,3,1,Match Report,Lyle-Foster,2023-24,,,,,,,,,L,0–3,0,3,0.0,1.0,1
319,0,2023-08-13,Sun,Premier League,Matchweek 1,Home,Brentford,Tottenham,N,RB,19.0,0.0,0.0,0,0,1,0,0,0,13,1,0,0,0.0,0.0,0.0,0,0,7,11,63.6,0,6,0,0,0,Match Report,Mads-Roerslev,2023-24,,,,,,,,,D,2–2,2,2,0.0,1.0,1
321,1,2023-08-11,Fri,Premier League,Matchweek 1,Away,Manchester City,Burnley,Y,"CB,RB",90.0,0.0,0.0,0,0,0,0,0,0,109.0,3.0,0,2.0,0.0,0.0,0.0,1.0,0.0,89.0,102.0,87.3,2.0,78.0,1.0,0.0,0.0,Match Report,Manuel-Akanji,2023-24,,,,,,,,,W,3–0,3,0,1.0,0.0,1
323,0,2023-08-13,Sun,Premier League,Matchweek 1,Home,Chelsea,Liverpool,N,0,0.0,0.0,0.0,0,0,0,0,0,0,,,0,,,,,,,,,,,,,,,Match Report,Marc-Cucurella,2023-24,0,0,0,0,0,0,0,0,D,1–1,1,1,0.0,1.0,1
324,0,2023-08-12,Sat,Premier League,Matchweek 1,Away,Crystal Palace,Sheffield Utd,Y,CB,89.0,0.0,0.0,0,0,1,0,0,0,91,1,2,2,0.0,0.0,0.0,3,0,74,83,89.2,3,62,0,1,1,Match Report,Marc-Guehi,2023-24,,,,,,,,,W,1–0,1,0,1.0,0.0,1
325,0,2023-08-12,Sat,Premier League,Matchweek 1,Home,Bournemouth,West Ham,Y,CB,59.0,0.0,0.0,0,0,0,0,0,0,62,2,1,1,0.0,0.0,0.0,0,0,44,52,84.6,3,40,0,0,0,Match Report,Marcos-Senesi,2023-24,,,,,,,,,D,1–1,1,1,0.0,1.0,1
326,0,2023-08-14,Mon,Premier League,Matchweek 1,Home,Manchester Utd,Wolves,Y,FW,87.0,0.0,0.0,0,0,4,1,0,0,31.0,0.0,0,1.0,0.4,0.4,0.0,1.0,0.0,13.0,15.0,86.7,2.0,24.0,2.0,8.0,4.0,Match Report,Marcus-Rashford,2023-24,,,,,,,,,W,1–0,1,0,1.0,1.0,1
327,0,2023-08-12,Sat,Premier League,Matchweek 1,Away,Fulham,Everton,N,0,0.0,0.0,0.0,0,0,0,0,0,0,,,0,,,,,,,,,,,,,,,Match Report,Marek-Rodak,2023-24,0,0,0,0,0,0,0,0,W,1–0,1,0,1.0,0.0,1
328,0,2023-08-14,Mon,Premier League,Matchweek 1,Away,Wolves,Manchester Utd,Y,"CM,DM",90.0,0.0,0.0,0,0,3,0,1,0,64,1,3,0,0.1,0.1,0.0,3,0,42,52,80.8,3,34,1,1,1,Match Report,Mario-Lemina,2023-24,,,,,,,,,L,0–1,0,1,0.0,0.0,1
333,0,2023-08-12,Sat,Premier League,Matchweek 1,Home,Newcastle Utd,Aston Villa,N,0,0.0,0.0,0.0,0,0,0,0,0,0,,,0,,,,,,,,,,,,,,,Match Report,Martin-Dubravka,2023-24,0,0,0,0,0,0,0,0,W,5–1,5,1,0.0,1.0,1
335,1,2023-08-12,Sat,Premier League,Matchweek 1,Home,Arsenal,Nott'ham Forest,Y*,RM,90.0,0.0,0.0,0,0,3,0,0,0,80.0,3.0,0,0.0,0.1,0.1,0.0,6.0,0.0,55.0,69.0,79.7,9.0,65.0,8.0,0.0,0.0,Match Report,Martin-Odegaard,2023-24,,,,,,,,,W,2–1,2,1,0.0,1.0,1
337,1,2023-08-12,Sat,Premier League,Matchweek 1,Home,Arsenal,Nott'ham Forest,Y,LW,85.0,0.0,1.0,0,0,0,0,0,0,47.0,1.0,0,1.0,0.0,0.0,0.2,3.0,1.0,31.0,33.0,93.9,3.0,35.0,3.0,4.0,2.0,Match Report,Martinelli,2023-24,,,,,,,,,W,2–1,2,1,0.0,1.0,1
338,0,2023-08-12,Sat,Premier League,Matchweek 1,Away,Luton Town,Brighton,Y,CM,90.0,0.0,0.0,0,0,1,0,0,0,32,3,0,2,0.0,0.0,0.0,1,0,19,21,90.5,0,13,0,0,0,Match Report,Marvelous-Nakamba,2023-24,,,,,,,,,L,1–4,1,4,0.0,0.0,1
339,0,2023-08-14,Mon,Premier League,Matchweek 1,Home,Manchester Utd,Wolves,Y,CM,67.0,0.0,0.0,0,0,0,0,0,0,29.0,0.0,1,0.0,0.0,0.0,0.0,1.0,0.0,17.0,23.0,73.9,1.0,17.0,1.0,0.0,0.0,Match Report,Mason-Mount,2023-24,,,,,,,,,W,1–0,1,0,1.0,1.0,1
341,1,2023-08-11,Fri,Premier League,Matchweek 1,Away,Manchester City,Burnley,N,CM,68.0,0.0,0.0,0,0,0,0,0,0,72.0,2.0,0,3.0,0.0,0.0,0.2,2.0,0.0,61.0,64.0,95.3,4.0,50.0,1.0,3.0,1.0,Match Report,Mateo-Kovacic,2023-24,,,,,,,,,W,3–0,3,0,1.0,0.0,1
343,0,2023-08-14,Mon,Premier League,Matchweek 1,Away,Wolves,Manchester Utd,Y,FW,76.0,0.0,0.0,0,0,5,1,0,0,31,2,2,1,0.6,0.6,0.1,5,0,15,17,88.2,2,19,4,3,3,Match Report,Matheus-Cunha,2023-24,,,,,,,,,L,0–1,0,1,0.0,0.0,1
344,0,2023-08-14,Mon,Premier League,Matchweek 1,Away,Wolves,Manchester Utd,Y,"LM,AM,CM",90.0,0.0,0.0,0,0,0,0,0,0,65,3,5,0,0.0,0.0,0.0,3,0,35,45,77.8,3,45,4,12,6,Match Report,Matheus-Nunes,2023-24,,,,,,,,,L,0–1,0,1,0.0,0.0,1
345,0,2023-08-13,Sun,Premier League,Matchweek 1,Home,Brentford,Tottenham,Y,CM,48.0,0.0,0.0,0,0,0,0,0,0,34,2,0,0,0.0,0.0,0.0,2,1,13,26,50.0,2,15,1,2,0,Match Report,Mathias-Jensen,2023-24,,,,,,,,,D,2–2,2,2,0.0,1.0,1
346,0,2023-08-13,Sun,Premier League,Matchweek 1,Home,Brentford,Tottenham,N,CB,7.0,0.0,0.0,0,0,0,0,0,0,8,0,0,1,0.0,0.0,0.3,1,0,6,7,85.7,1,4,0,0,0,Match Report,Mathias-Jorgensen,2023-24,,,,,,,,,D,2–2,2,2,0.0,1.0,1
349,0,2023-08-12,Sat,Premier League,Matchweek 1,Home,Newcastle Utd,Aston Villa,N,0,0.0,0.0,0.0,0,0,0,0,0,0,,,0,,,,,,,,,,,,,,,Match Report,Matt-Targett,2023-24,0,0,0,0,0,0,0,0,W,5–1,5,1,0.0,1.0,1
354,4,2023-08-12,Sat,Premier League,Matchweek 1,Away,Nott'ham Forest,Arsenal,Y,GK,90.0,0.0,0.0,0,0,0,0,0,0,35,0,0,0,0.0,0.0,0.0,0,0,22,33,66.7,0,21,0,0,0,Match Report,Matt-Turner,2023-24,,,,,,,,,L,1–2,1,2,0.0,0.0,1
355,0,2023-08-12,Sat,Premier League,Matchweek 1,Away,Aston Villa,Newcastle Utd,Y,"RB,RW",86.0,0.0,0.0,0,0,2,1,1,0,62,0,1,2,0.7,0.7,0.0,2,0,43,51,84.3,2,25,2,2,1,Match Report,Matty-Cash,2023-24,,,,,,,,,L,1–5,1,5,0.0,0.0,1
356,0,2023-08-14,Mon,Premier League,Matchweek 1,Away,Wolves,Manchester Utd,Y*,CB,90.0,0.0,0.0,0,0,1,1,0,0,66,2,2,4,0.0,0.0,0.0,2,0,38,50,76.0,2,34,2,0,0,Match Report,Max-Kilman,2023-24,,,,,,,,,L,0–1,0,1,0.0,0.0,1
357,0,2023-08-12,Sat,Premier League,Matchweek 1,Home,Sheffield Utd,Crystal Palace,Y,LM,79.0,0.0,0.0,0,0,0,0,0,0,33,8,1,1,0.0,0.0,0.0,1,0,12,18,66.7,3,9,0,0,0,Match Report,Max-Lowe,2023-24,,,,,,,,,L,0–1,0,1,0.0,1.0,1
359,0,2023-08-12,Sat,Premier League,Matchweek 1,Away,West Ham,Bournemouth,N,AM,1.0,0.0,0.0,0,0,0,0,0,0,2,1,0,0,0.0,0.0,0.0,0,0,1,1,100.0,0,1,0,0,0,Match Report,Maxwel-Cornet,2023-24,,,,,,,,,D,1–1,1,1,0.0,0.0,1
360,0,2023-08-12,Sat,Premier League,Matchweek 1,Home,Everton,Fulham,Y,CB,90.0,0.0,0.0,0,0,2,2,0,0,62,2,2,0,0.0,0.0,0.0,1,0,46,52,88.5,5,39,1,0,0,Match Report,Michael-Keane,2023-24,,,,,,,,,L,0–1,0,1,0.0,1.0,1
364,3,2023-08-12,Sat,Premier League,Matchweek 1,Away,West Ham,Bournemouth,Y,FW,77.0,0.0,0.0,0,0,0,0,1,0,29.0,1.0,0,1.0,0.0,0.0,0.0,3.0,0.0,7.0,14.0,50.0,1.0,17.0,1.0,5.0,3.0,Match Report,Michail-Antonio,2023-24,,,,,,,,,D,1–1,1,1,0.0,0.0,1
365,0,2023-08-12,Sat,Premier League,Matchweek 1,Home,Newcastle Utd,Aston Villa,Y,RW,85.0,0.0,0.0,0,0,1,1,0,0,39,2,1,1,0.1,0.1,0.3,4,0,31,32,96.9,2,34,4,2,0,Match Report,Miguel-Almiron,2023-24,,,,,,,,,W,5–1,5,1,0.0,1.0,1
366,0,2023-08-13,Sun,Premier League,Matchweek 1,Home,Brentford,Tottenham,N,CM,42.0,0.0,0.0,0,0,1,1,0,0,21,1,0,2,0.1,0.1,0.0,0,0,12,14,85.7,4,12,0,0,0,Match Report,Mikkel-Damsgaard,2023-24,,,,,,,,,D,2–2,2,2,0.0,1.0,1
367,0,2023-08-12,Sat,Premier League,Matchweek 1,Home,Bournemouth,West Ham,Y,LB,90.0,0.0,0.0,0,0,0,0,0,0,69,2,0,1,0.0,0.0,0.0,1,0,43,56,76.8,3,35,1,3,1,Match Report,Milos-Kerkez,2023-24,,,,,,,,,D,1–1,1,1,0.0,1.0,1
368,0,2023-08-13,Sun,Premier League,Matchweek 1,Away,Liverpool,Chelsea,Y,RW,76.0,0.0,1.0,0,0,3,0,0,0,29.0,1.0,0,1.0,0.3,0.3,0.5,3.0,1.0,18.0,23.0,78.3,3.0,21.0,2.0,0.0,0.0,Match Report,Mohamed-Salah,2023-24,,,,,,,,,D,1–1,1,1,0.0,0.0,1
369,0,2023-08-12,Sat,Premier League,Matchweek 1,Away,Nott'ham Forest,Arsenal,Y,"LW,LM",90.0,0.0,0.0,0,0,1,0,0,0,34,1,1,0,0.1,0.1,0.2,1,0,12,20,60.0,2,19,2,7,3,Match Report,Morgan-Gibbs-White,2023-24,,,,,,,,,L,1–2,1,2,0.0,0.0,1
371,0,2023-08-12,Sat,Premier League,Matchweek 1,Away,Nott'ham Forest,Arsenal,N,0,0.0,0.0,0.0,0,0,0,0,0,0,,,0,,,,,,,,,,,,,,,Match Report,Moussa-Niakhate,2023-24,0,0,0,0,0,0,0,0,L,1–2,1,2,0.0,0.0,1
373,0,2023-08-13,Sun,Premier League,Matchweek 1,Home,Chelsea,Liverpool,N,"AM,LW",10.0,0.0,0.0,0,0,0,0,0,0,9,0,0,0,0.0,0.0,0.0,0,0,5,8,62.5,0,7,1,2,2,Match Report,Mykhailo-Mudryk,2023-24,,,,,,,,,D,1–1,1,1,0.0,1.0,1
374,0,2023-08-12,Sat,Premier League,Matchweek 1,Away,Crystal Palace,Sheffield Utd,N,0,0.0,0.0,0.0,0,0,0,0,0,0,,,0,,,,,,,,,,,,,,,Match Report,Naouirou-Ahamada,2023-24,0,0,0,0,0,0,0,0,W,1–0,1,0,1.0,0.0,1
375,0,2023-08-11,Fri,Premier League,Matchweek 1,Away,Manchester City,Burnley,Y,CB,78.0,0.0,0.0,0,0,1,0,0,0,79.0,3.0,2,0.0,0.3,0.3,0.0,2.0,1.0,65.0,69.0,94.2,1.0,53.0,1.0,0.0,0.0,Match Report,Nathan-Ake,2023-24,,,,,,,,,W,3–0,3,0,1.0,0.0,1
377,0,2023-08-12,Sat,Premier League,Matchweek 1,Home,Everton,Fulham,Y,RB,90.0,0.0,0.0,0,0,3,0,0,0,70,2,1,2,0.3,0.3,0.0,0,0,32,56,57.1,2,24,3,1,0,Match Report,Nathan-Patterson,2023-24,,,,,,,,,L,0–1,0,1,0.0,1.0,1
378,0,2023-08-12,Sat,Premier League,Matchweek 1,Away,Crystal Palace,Sheffield Utd,N,0,0.0,0.0,0.0,0,0,0,0,0,0,,,0,,,,,,,,,,,,,,,Match Report,Nathaniel-Clyne,2023-24,0,0,0,0,0,0,0,0,W,1–0,1,0,1.0,0.0,1
379,0,2023-08-12,Sat,Premier League,Matchweek 1,Away,West Ham,Bournemouth,Y,CB,90.0,0.0,0.0,0,0,0,0,0,0,41,2,2,0,0.0,0.0,0.0,1,0,22,29,75.9,3,12,0,0,0,Match Report,Nayef-Aguerd,2023-24,,,,,,,,,D,1–1,1,1,0.0,0.0,1
380,0,2023-08-12,Sat,Premier League,Matchweek 1,Home,Everton,Fulham,Y,FW,71.0,0.0,0.0,0,0,4,3,0,0,19,0,0,1,1.3,1.3,0.1,2,0,8,9,88.9,0,9,1,0,0,Match Report,Neal-Maupay,2023-24,,,,,,,,,L,0–1,0,1,0.0,1.0,1
381,0,2023-08-12,Sat,Premier League,Matchweek 1,Away,Nott'ham Forest,Arsenal,N,"LM,LB",19.0,0.0,0.0,0,0,0,0,0,0,7,0,2,1,0.0,0.0,0.0,1,0,3,5,60.0,1,5,1,1,1,Match Report,Neco-Williams,2023-24,,,,,,,,,L,1–2,1,2,0.0,0.0,1
382,0,2023-08-14,Mon,Premier League,Matchweek 1,Away,Wolves,Manchester Utd,Y,RB,90.0,0.0,0.0,0,0,0,0,0,0,63,4,3,2,0.0,0.0,0.0,4,0,44,51,86.3,4,41,4,3,1,Match Report,Nelson-Semedo,2023-24,,,,,,,,,L,0–1,0,1,0.0,0.0,1
383,0,2023-08-12,Sat,Premier League,Matchweek 1,Home,Bournemouth,West Ham,Y*,GK,90.0,0.0,0.0,0,0,0,0,0,0,45,0,0,0,0.0,0.0,0.0,1,0,32,44,72.7,0,27,0,0,0,Match Report,Neto,2023-24,,,,,,,,,D,1–1,1,1,0.0,1.0,1
384,0,2023-08-12,Sat,Premier League,Matchweek 1,Home,Newcastle Utd,Aston Villa,Y,GK,90.0,0.0,0.0,0,0,0,0,0,0,27,0,0,0,0.0,0.0,0.0,0,0,17,23,73.9,0,14,0,0,0,Match Report,Nick-Pope,2023-24,,,,,,,,,W,5–1,5,1,0.0,1.0,1
385,0,2023-08-13,Sun,Premier League,Matchweek 1,Home,Chelsea,Liverpool,N,0,0.0,0.0,0.0,0,0,0,0,0,0,,,0,,,,,,,,,,,,,,,Match Report,Noni-Madueke,2023-24,0,0,0,0,0,0,0,0,D,1–1,1,1,0.0,1.0,1
386,0,2023-08-12,Sat,Premier League,Matchweek 1,Away,Crystal Palace,Sheffield Utd,Y,FW,90.0,1.0,0.0,0,0,7,3,0,0,35,3,0,1,1.0,1.0,0.2,5,0,10,13,76.9,2,22,1,3,2,Match Report,Odsonne-Edouard,2023-24,,,,,,,,,W,1–0,1,0,1.0,0.0,1
387,0,2023-08-12,Sat,Premier League,Matchweek 1,Away,Nott'ham Forest,Arsenal,Y,LM,71.0,0.0,0.0,0,0,1,0,1,0,23,3,0,0,0.0,0.0,0.0,1,0,9,14,64.3,0,8,1,2,1,Match Report,Ola-Aina,2023-24,,,,,,,,,L,1–2,1,2,0.0,0.0,1
388,0,2023-08-12,Sat,Premier League,Matchweek 1,Home,Sheffield Utd,Crystal Palace,Y,"CM,LM",90.0,0.0,0.0,0,0,2,1,0,0,57,1,1,3,0.0,0.0,0.1,4,0,35,49,71.4,4,26,0,0,0,Match Report,Oliver-Norwood,2023-24,,,,,,,,,L,0–1,0,1,0.0,1.0,1
389,0,2023-08-13,Sun,Premier League,Matchweek 1,Away,Tottenham,Brentford,Y,DM,74.0,0.0,0.0,0,0,0,0,1,0,47,1,0,2,0.0,0.0,0.0,0,0,37,39,94.9,3,33,0,0,0,Match Report,Oliver-Skipp,2023-24,,,,,,,,,D,2–2,2,2,0.0,0.0,1
390,0,2023-08-12,Sat,Premier League,Matchweek 1,Away,Aston Villa,Newcastle Utd,Y,FW,90.0,0.0,1.0,0,0,2,1,0,0,27,1,0,1,0.3,0.3,0.2,3,1,15,18,83.3,2,15,1,3,2,Match Report,Ollie-Watkins,2023-24,,,,,,,,,L,1–5,1,5,0.0,0.0,1
391,0,2023-08-12,Sat,Premier League,Matchweek 1,Away,Nott'ham Forest,Arsenal,Y,CM,89.0,0.0,0.0,0,0,0,0,1,0,21,1,1,1,0.0,0.0,0.0,1,0,10,13,76.9,1,13,0,2,0,Match Report,Orel-Mangala,2023-24,,,,,,,,,L,1–2,1,2,0.0,0.0,1
392,0,2023-08-12,Sat,Premier League,Matchweek 1,Away,West Ham,Bournemouth,Y,AM,85.0,0.0,0.0,0,0,2,0,0,0,44,4,0,1,0.1,0.1,0.1,5,1,24,31,77.4,6,16,1,2,1,Match Report,Pablo-Fornals,2023-24,,,,,,,,,D,1–1,1,1,0.0,0.0,1
393,0,2023-08-14,Mon,Premier League,Matchweek 1,Away,Wolves,Manchester Utd,Y,FW,62.0,0.0,0.0,0,0,1,0,0,0,26,0,0,2,0.1,0.1,0.7,4,0,12,17,70.6,2,17,1,0,0,Match Report,Pablo-Sarabia,2023-24,,,,,,,,,L,0–1,0,1,0.0,0.0,1
394,0,2023-08-13,Sun,Premier League,Matchweek 1,Away,Tottenham,Brentford,N,DM,16.0,0.0,0.0,0,0,1,1,0,0,21,0,0,1,0.1,0.1,0.0,0,0,19,19,100.0,0,15,0,0,0,Match Report,Pape-Matar-Sarr,2023-24,,,,,,,,,D,2–2,2,2,0.0,0.0,1
395,0,2023-08-12,Sat,Premier League,Matchweek 1,Home,Brighton,Luton Town,Y,DM,90.0,0.0,0.0,0,0,3,1,0,0,95,2,2,2,0.5,0.5,0.6,8,0,67,79,84.8,8,59,0,1,1,Match Report,Pascal-Gross,2023-24,,,,,,,,,W,4–1,4,1,0.0,1.0,1
396,0,2023-08-14,Mon,Premier League,Matchweek 1,Away,Wolves,Manchester Utd,Y,"RM,RW",90.0,0.0,0.0,0,0,3,2,1,0,59,0,0,0,0.9,0.9,0.4,6,0,29,49,59.2,2,33,7,7,4,Match Report,Pedro-Neto,2023-24,,,,,,,,,L,0–1,0,1,0.0,0.0,1
397,0,2023-08-13,Sun,Premier League,Matchweek 1,Away,Tottenham,Brentford,N,0,0.0,0.0,0.0,0,0,0,0,0,0,,,0,,,,,,,,,,,,,,,Match Report,Pedro-Porro,2023-24,0,0,0,0,0,0,0,0,D,2–2,2,2,0.0,0.0,1
398,0,2023-08-12,Sat,Premier League,Matchweek 1,Away,Luton Town,Brighton,Y,CM,87.0,0.0,0.0,0,0,2,0,0,0,22,1,1,1,0.3,0.3,0.0,0,0,9,14,64.3,1,15,1,0,0,Match Report,Pelly-Ruddock-Mpanzu,2023-24,,,,,,,,,L,1–4,1,4,0.0,0.0,1
399,0,2023-08-12,Sat,Premier League,Matchweek 1,Home,Brighton,Luton Town,Y,LB,90.0,0.0,1.0,0,0,3,2,1,0,100,1,0,1,0.1,0.1,1.5,10,1,78,94,83.0,15,75,10,1,1,Match Report,Pervis-Estupinan,2023-24,,,,,,,,,W,4–1,4,1,0.0,1.0,1
401,1,2023-08-11,Fri,Premier League,Matchweek 1,Away,Manchester City,Burnley,Y,"RM,LW",90.0,0.0,0.0,0,0,3,1,0,0,58.0,0.0,1,1.0,0.3,0.3,0.1,4.0,0.0,37.0,48.0,77.1,5.0,43.0,1.0,2.0,1.0,Match Report,Phil-Foden,2023-24,,,,,,,,,W,3–0,3,0,1.0,0.0,1
403,0,2023-08-12,Sat,Premier League,Matchweek 1,Home,Bournemouth,West Ham,Y,DM,90.0,0.0,0.0,0,0,2,0,0,0,60,1,2,4,0.1,0.1,0.0,1,0,38,44,86.4,4,28,1,2,1,Match Report,Philip-Billing,2023-24,,,,,,,,,D,1–1,1,1,0.0,1.0,1
404,0,2023-08-12,Sat,Premier League,Matchweek 1,Away,Aston Villa,Newcastle Utd,N,FW,4.0,0.0,0.0,0,0,1,0,0,0,11.0,0.0,0,0.0,0.1,0.1,0.0,1.0,0.0,7.0,9.0,77.8,1.0,6.0,3.0,1.0,1.0,Match Report,Philippe-Coutinho,2023-24,,,,,,,,,L,1–5,1,5,0.0,0.0,1
405,0,2023-08-13,Sun,Premier League,Matchweek 1,Away,Tottenham,Brentford,N,0,0.0,0.0,0.0,0,0,0,0,0,0,,,0,,,,,,,,,,,,,,,Match Report,Pierre-Hojbjerg,2023-24,0,0,0,0,0,0,0,0,D,2–2,2,2,0.0,0.0,1
406,0,2023-08-13,Sun,Premier League,Matchweek 1,Home,Chelsea,Liverpool,Y,AM,80.0,0.0,0.0,0,0,0,0,0,0,39.0,2.0,0,0.0,0.0,0.0,0.1,5.0,1.0,24.0,32.0,75.0,5.0,31.0,5.0,3.0,0.0,Match Report,Raheem-Sterling,2023-24,,,,,,,,,D,1–1,1,1,0.0,1.0,1
407,0,2023-08-14,Mon,Premier League,Matchweek 1,Home,Manchester Utd,Wolves,Y,CB,90.0,1.0,0.0,0,0,2,1,0,0,49.0,1.0,0,1.0,1.0,1.0,0.0,2.0,0.0,34.0,38.0,89.5,1.0,25.0,1.0,0.0,0.0,Match Report,Raphael-Varane,2023-24,,,,,,,,,W,1–0,1,0,1.0,1.0,1
408,0,2023-08-12,Sat,Premier League,Matchweek 1,Away,Fulham,Everton,Y,FW,57.0,0.0,0.0,0,0,1,0,0,0,19,0,0,0,0.1,0.1,0.0,0,0,12,17,70.6,1,19,0,0,0,Match Report,Raul-Jimenez,2023-24,,,,,,,,,W,1–0,1,0,1.0,0.0,1
409,0,2023-08-14,Mon,Premier League,Matchweek 1,Away,Wolves,Manchester Utd,Y,LB,76.0,0.0,0.0,0,0,0,0,1,0,48,2,1,3,0.0,0.0,0.0,1,0,32,39,82.1,4,23,3,3,2,Match Report,Rayan-Ait-Nouri,2023-24,,,,,,,,,L,0–1,0,1,0.0,0.0,1
411,0,2023-08-13,Sun,Premier League,Matchweek 1,Home,Chelsea,Liverpool,Y*,WB,75.0,0.0,0.0,0,0,1,0,0,0,73.0,0.0,0,0.0,0.0,0.0,0.3,2.0,0.0,55.0,68.0,80.9,7.0,51.0,5.0,1.0,1.0,Match Report,Reece-James,2023-24,,,,,,,,,D,1–1,1,1,0.0,1.0,1
412,0,2023-08-12,Sat,Premier League,Matchweek 1,Home,Arsenal,Nott'ham Forest,N,0,0.0,0.0,0.0,0,0,0,0,0,0,,,0,,,,,,,,,,,,,,,Match Report,Reiss-Nelson,2023-24,0,0,0,0,0,0,0,0,W,2–1,2,1,0.0,1.0,1
413,0,2023-08-12,Sat,Premier League,Matchweek 1,Away,Crystal Palace,Sheffield Utd,N,0,0.0,0.0,0.0,0,0,0,0,0,0,,,0,,,,,,,,,,,,,,,Match Report,Remi-Matthews,2023-24,0,0,0,0,0,0,0,0,W,1–0,1,0,1.0,0.0,1
414,0,2023-08-12,Sat,Premier League,Matchweek 1,Away,Nott'ham Forest,Arsenal,N,0,0.0,0.0,0.0,0,0,0,0,0,0,,,0,,,,,,,,,,,,,,,Match Report,Remo-Freuler,2023-24,0,0,0,0,0,0,0,0,L,1–2,1,2,0.0,0.0,1
415,0,2023-08-13,Sun,Premier League,Matchweek 1,Away,Tottenham,Brentford,Y,FW,90.0,0.0,0.0,0,0,2,1,0,0,30,0,0,0,0.2,0.2,0.0,1,0,13,18,72.2,1,21,1,5,3,Match Report,Richarlison,2023-24,,,,,,,,,D,2–2,2,2,0.0,0.0,1
419,0,2023-08-13,Sun,Premier League,Matchweek 1,Home,Brentford,Tottenham,Y,LB,90.0,0.0,1.0,0,0,0,0,0,0,44,2,1,1,0.0,0.0,0.7,3,2,25,34,73.5,6,23,5,4,3,Match Report,Rico-Henry,2023-24,,,,,,,,,D,2–2,2,2,0.0,1.0,1
421,1,2023-08-11,Fri,Premier League,Matchweek 1,Away,Manchester City,Burnley,Y,LB,78.0,0.0,0.0,0,0,0,0,0,0,47,0,1,0,0.0,0.0,0.0,1,0,36,42,85.7,3,30,1,1,1,Match Report,Rico-Lewis,2023-24,,,,,,,,,W,3–0,3,0,1.0,0.0,1
425,0,2023-08-13,Sun,Premier League,Matchweek 1,Home,Chelsea,Liverpool,Y,GK,90.0,0.0,0.0,0,0,0,0,0,0,36,0,0,0,0.0,0.0,0.0,0,0,29,35,82.9,0,26,0,0,0,Match Report,Robert-Sanchez,2023-24,,,,,,,,,D,1–1,1,1,0.0,1.0,1
426,0,2023-08-12,Sat,Premier League,Matchweek 1,Away,Aston Villa,Newcastle Utd,N,0,0.0,0.0,0.0,0,0,0,0,0,0,,,0,,,,,,,,,,,,,,,Match Report,Robin-Olsen,2023-24,0,0,0,0,0,0,0,0,L,1–5,1,5,0.0,0.0,1
428,1,2023-08-11,Fri,Premier League,Matchweek 1,Away,Manchester City,Burnley,Y,"DM,CB",90.0,1.0,1.0,0,0,4,3,0,0,122.0,5.0,0,0.0,0.5,0.5,0.2,5.0,1.0,107.0,110.0,97.3,4.0,84.0,1.0,0.0,0.0,Match Report,Rodri,2023-24,,,,,,,,,W,3–0,3,0,1.0,0.0,1
432,0,2023-08-12,Sat,Premier League,Matchweek 1,Home,Bournemouth,West Ham,Y,AM,66.0,0.0,0.0,0,0,1,1,0,0,37,3,0,2,0.0,0.0,0.0,1,0,22,26,84.6,5,23,0,3,1,Match Report,Ryan-Christie,2023-24,,,,,,,,,D,1–1,1,1,0.0,1.0,1
433,0,2023-08-12,Sat,Premier League,Matchweek 1,Away,Luton Town,Brighton,Y,WB,90.0,0.0,0.0,0,0,0,0,0,0,48,2,0,0,0.0,0.0,0.1,4,0,18,39,46.2,3,15,2,2,0,Match Report,Ryan-John-Giles,2023-24,,,,,,,,,L,1–4,1,4,0.0,0.0,1
434,0,2023-08-12,Sat,Premier League,Matchweek 1,Away,Nott'ham Forest,Arsenal,Y,"CM,RM",90.0,0.0,0.0,0,0,0,0,0,0,38,1,0,2,0.0,0.0,0.0,1,0,21,26,80.8,2,14,3,1,0,Match Report,Ryan-Yates,2023-24,,,,,,,,,L,1–2,1,2,0.0,0.0,1
435,0,2023-08-12,Sat,Premier League,Matchweek 1,Away,West Ham,Bournemouth,Y,LW,90.0,0.0,0.0,0,0,2,1,0,0,42,1,0,2,0.1,0.1,0.1,4,0,21,30,70.0,4,26,3,4,1,Match Report,Said-Benrahma,2023-24,,,,,,,,,D,1–1,1,1,0.0,0.0,1
436,0,2023-08-12,Sat,Premier League,Matchweek 1,Away,Crystal Palace,Sheffield Utd,Y,GK,90.0,0.0,0.0,0,0,0,0,0,0,29,0,0,0,0.0,0.0,0.0,0,0,22,28,78.6,0,18,0,0,0,Match Report,Sam-Johnstone,2023-24,,,,,,,,,W,1–0,1,0,1.0,0.0,1
437,0,2023-08-11,Fri,Premier League,Matchweek 1,Home,Burnley,Manchester City,Y,CM,89.0,0.0,0.0,0,0,0,0,0,0,33,0,0,1,0.0,0.0,0.0,0,0,23,28,82.1,1,12,0,0,0,Match Report,Sander-Berge,2023-24,,,,,,,,,L,0–3,0,3,0.0,1.0,1
438,0,2023-08-12,Sat,Premier League,Matchweek 1,Home,Newcastle Utd,Aston Villa,Y,RM,89.0,1.0,0.0,0,0,2,2,1,0,65.0,1.0,1,2.0,0.6,0.6,0.1,3.0,2.0,49.0,56.0,87.5,6.0,49.0,2.0,0.0,0.0,Match Report,Sandro-Tonali,2023-24,,,,,,,,,W,5–1,5,1,0.0,1.0,1
439,0,2023-08-14,Mon,Premier League,Matchweek 1,Away,Wolves,Manchester Utd,N,FW,3.0,0.0,0.0,0,0,0,0,0,0,6,1,0,0,0.0,0.0,0.1,0,0,3,4,75.0,0,3,0,0,0,Match Report,Sasa-Kalajdzic,2023-24,,,,,,,,,L,0–1,0,1,0.0,0.0,1
440,0,2023-08-12,Sat,Premier League,Matchweek 1,Away,Fulham,Everton,Y,CM,90.0,0.0,0.0,0,0,1,0,0,0,70,1,1,1,0.0,0.0,0.1,1,0,60,67,89.6,4,57,0,0,0,Match Report,Sasa-Lukic,2023-24,,,,,,,,,W,1–0,1,0,1.0,0.0,1
442,0,2023-08-12,Sat,Premier League,Matchweek 1,Away,Nott'ham Forest,Arsenal,Y,CB,90.0,0.0,0.0,0,0,0,0,0,0,32,2,2,0,0.0,0.0,0.0,0,0,13,21,61.9,0,10,0,0,0,Match Report,Scott-McKenna,2023-24,,,,,,,,,L,1–2,1,2,0.0,0.0,1
443,0,2023-08-14,Mon,Premier League,Matchweek 1,Home,Manchester Utd,Wolves,N,FW,3.0,0.0,0.0,0,0,0,0,0,0,5,1,0,1,0.0,0.0,0.0,0,0,2,2,100.0,0,1,0,1,0,Match Report,Scott-McTominay,2023-24,,,,,,,,,W,1–0,1,0,1.0,1.0,1
444,0,2023-08-12,Sat,Premier League,Matchweek 1,Home,Newcastle Utd,Aston Villa,N,CM,6.0,0.0,0.0,0,0,0,0,0,0,3,0,0,1,0.0,0.0,0.0,0,0,1,2,50.0,0,1,0,0,0,Match Report,Sean-Longstaff,2023-24,,,,,,,,,W,5–1,5,1,0.0,1.0,1
445,0,2023-08-12,Sat,Premier League,Matchweek 1,Away,Nott'ham Forest,Arsenal,Y,"RM,RB",90.0,0.0,0.0,0,0,0,0,0,0,20,2,1,0,0.0,0.0,0.0,0,0,6,12,50.0,1,11,0,1,0,Match Report,Serge-Aurier,2023-24,,,,,,,,,L,1–2,1,2,0.0,0.0,1
447,1,2023-08-11,Fri,Premier League,Matchweek 1,Away,Manchester City,Burnley,N,0,0.0,0.0,0.0,0,0,0,0,0,0,,,0,,,,,,,,,,,,,,,Match Report,Sergio-Gomez,2023-24,0,0,0,0,0,0,0,0,W,3–0,3,0,1.0,0.0,1
449,0,2023-08-13,Sun,Premier League,Matchweek 1,Home,Brentford,Tottenham,N,CM,19.0,0.0,0.0,0,0,0,0,0,0,5,0,0,1,0.0,0.0,0.0,0,0,2,3,66.7,0,3,0,0,0,Match Report,Shandon-Baptiste,2023-24,,,,,,,,,D,2–2,2,2,0.0,1.0,1
451,0,2023-08-12,Sat,Premier League,Matchweek 1,Home,Brighton,Luton Town,Y,RW,73.0,1.0,0.0,0,0,3,2,0,0,44,1,0,0,0.4,0.4,0.0,4,0,24,34,70.6,3,34,1,5,2,Match Report,Solly-March,2023-24,,,,,,,,,W,4–1,4,1,0.0,1.0,1
452,0,2023-08-13,Sun,Premier League,Matchweek 1,Away,Tottenham,Brentford,Y*,LW,74.0,0.0,0.0,0,0,2,1,0,0,42.0,1.0,0,0.0,0.1,0.1,0.0,2.0,0.0,31.0,37.0,83.8,5.0,33.0,3.0,2.0,1.0,Match Report,Son-Heung-min,2023-24,,,,,,,,,D,2–2,2,2,0.0,0.0,1
454,1,2023-08-11,Fri,Premier League,Matchweek 1,Away,Manchester City,Burnley,N,0,0.0,0.0,0.0,0,0,0,0,0,0,,,0,,,,,,,,,,,,,,,Match Report,Stefan-Ortega,2023-24,0,0,0,0,0,0,0,0,W,3–0,3,0,1.0,0.0,1
457,0,2023-08-12,Sat,Premier League,Matchweek 1,Home,Brighton,Luton Town,N,0,0.0,0.0,0.0,0,0,0,0,0,0,,,0,,,,,,,,,,,,,,,Match Report,Steven-Alzate,2023-24,0,0,0,0,0,0,0,0,W,4–1,4,1,0.0,1.0,1
458,0,2023-08-12,Sat,Premier League,Matchweek 1,Home,Newcastle Utd,Aston Villa,Y,CB,90.0,0.0,1.0,0,0,1,0,1,0,76,2,1,1,0.1,0.1,0.4,1,1,63,68,92.6,1,55,0,0,0,Match Report,Sven-Botman,2023-24,,,,,,,,,W,5–1,5,1,0.0,1.0,1
459,0,2023-08-12,Sat,Premier League,Matchweek 1,Away,Nott'ham Forest,Arsenal,N,"FW,LW",20.0,1.0,0.0,0,0,1,1,0,0,10,0,0,0,0.6,0.6,0.0,1,1,3,5,60.0,0,5,0,0,0,Match Report,Taiwo-Awoniyi,2023-24,,,,,,,,,L,1–2,1,2,0.0,0.0,1
461,1,2023-08-12,Sat,Premier League,Matchweek 1,Home,Arsenal,Nott'ham Forest,N,LB,41.0,0.0,0.0,0,0,1,1,0,0,48,0,1,0,0.0,0.0,0.0,0,0,37,43,86.0,3,39,0,0,0,Match Report,Takehiro-Tomiyasu,2023-24,,,,,,,,,W,2–1,2,1,0.0,1.0,1
463,0,2023-08-13,Sun,Premier League,Matchweek 1,Home,Chelsea,Liverpool,Y,CB,90.0,0.0,0.0,0,0,0,0,0,0,128,1,1,2,0.0,0.0,0.1,1,0,111,118,94.1,6,98,0,0,0,Match Report,Thiago-Silva,2023-24,,,,,,,,,D,1–1,1,1,0.0,1.0,1
464,0,2023-08-12,Sat,Premier League,Matchweek 1,Away,West Ham,Bournemouth,N,DM,5.0,0.0,0.0,0,0,0,0,0,0,2,0,0,0,0.0,0.0,0.0,0,0,2,2,100.0,0,1,0,0,0,Match Report,Thilo-Kehrer,2023-24,,,,,,,,,D,1–1,1,1,0.0,0.0,1
465,0,2023-08-12,Sat,Premier League,Matchweek 1,Home,Everton,Fulham,N,0,0.0,0.0,0.0,0,0,0,0,0,0,,,0,,,,,,,,,,,,,,,Match Report,Thomas-Cannon,2023-24,0,0,0,0,0,0,0,0,L,0–1,0,1,0.0,1.0,1
467,1,2023-08-12,Sat,Premier League,Matchweek 1,Home,Arsenal,Nott'ham Forest,Y,"RB,LM",90.0,0.0,0.0,0,0,0,0,0,0,113.0,2.0,2,1.0,0.0,0.0,0.1,6.0,2.0,100.0,107.0,93.5,11.0,80.0,5.0,1.0,1.0,Match Report,Thomas-Partey,2023-24,,,,,,,,,W,2–1,2,1,0.0,1.0,1
468,0,2023-08-13,Sun,Premier League,Matchweek 1,Home,Brentford,Tottenham,N,0,0.0,0.0,0.0,0,0,0,0,0,0,,,0,,,,,,,,,,,,,,,Match Report,Thomas-Strakosha,2023-24,0,0,0,0,0,0,0,0,D,2–2,2,2,0.0,1.0,1
469,0,2023-08-12,Sat,Premier League,Matchweek 1,Away,Fulham,Everton,Y,CB,90.0,0.0,0.0,0,0,0,0,0,0,76,0,0,0,0.0,0.0,0.0,0,0,62,70,88.6,5,59,1,0,0,Match Report,Tim-Ream,2023-24,,,,,,,,,W,1–0,1,0,1.0,0.0,1
470,0,2023-08-12,Sat,Premier League,Matchweek 1,Away,Fulham,Everton,Y*,LM,57.0,0.0,0.0,0,0,1,0,0,0,44,0,0,1,0.0,0.0,0.0,3,0,32,39,82.1,3,36,0,0,0,Match Report,Tom-Cairney,2023-24,,,,,,,,,W,1–0,1,0,1.0,0.0,1
471,0,2023-08-12,Sat,Premier League,Matchweek 1,Away,Luton Town,Brighton,Y*,CB,90.0,0.0,0.0,0,0,0,0,0,0,34,2,1,2,0.0,0.0,0.0,0,0,13,20,65.0,2,16,0,1,0,Match Report,Tom-Lockyer,2023-24,,,,,,,,,L,1–4,1,4,0.0,0.0,1
475,0,2023-08-12,Sat,Premier League,Matchweek 1,Away,West Ham,Bournemouth,Y,DM,90.0,0.0,1.0,0,0,2,0,0,0,44,5,0,0,0.4,0.4,0.0,2,1,17,28,60.7,2,12,1,0,0,Match Report,Tomas-Soucek,2023-24,,,,,,,,,D,1–1,1,1,0.0,0.0,1
476,0,2023-08-14,Mon,Premier League,Matchweek 1,Away,Wolves,Manchester Utd,N,0,0.0,0.0,0.0,0,0,0,0,0,0,,,0,,,,,,,,,,,,,,,Match Report,Toti-Gomes,2023-24,0,0,0,0,0,0,0,0,L,0–1,0,1,0.0,0.0,1
477,0,2023-08-13,Sun,Premier League,Matchweek 1,Away,Liverpool,Chelsea,Y,RB,90.0,0.0,0.0,0,0,0,0,1,0,57.0,2.0,0,0.0,0.0,0.0,0.0,1.0,0.0,26.0,47.0,55.3,4.0,21.0,0.0,1.0,0.0,Match Report,Trent-Alexander-Arnold,2023-24,,,,,,,,,D,1–1,1,1,0.0,0.0,1
478,0,2023-08-12,Sat,Premier League,Matchweek 1,Away,Crystal Palace,Sheffield Utd,Y,LB,90.0,0.0,0.0,0,0,0,0,0,0,93,2,0,1,0.0,0.0,0.0,1,0,66,85,77.6,3,57,1,1,1,Match Report,Tyrick-Mitchell,2023-24,,,,,,,,,W,1–0,1,0,1.0,0.0,1
479,0,2023-08-12,Sat,Premier League,Matchweek 1,Away,Aston Villa,Newcastle Utd,Y,CB,30.0,0.0,0.0,0,0,1,0,0,0,8,0,1,0,0.0,0.0,0.0,2,0,5,5,100.0,0,4,0,0,0,Match Report,Tyrone-Mings,2023-24,,,,,,,,,L,1–5,1,5,0.0,0.0,1
480,0,2023-08-14,Mon,Premier League,Matchweek 1,Home,Manchester Utd,Wolves,N,CB,45.0,0.0,0.0,0,0,0,0,0,0,18.0,1.0,0,0.0,0.0,0.0,0.0,0.0,0.0,11.0,15.0,73.3,0.0,10.0,0.0,0.0,0.0,Match Report,Victor-Lindelof,2023-24,,,,,,,,,W,1–0,1,0,1.0,1.0,1
481,0,2023-08-13,Sun,Premier League,Matchweek 1,Away,Liverpool,Chelsea,Y*,CB,90.0,0.0,0.0,0,0,1,0,0,0,49.0,1.0,3,1.0,0.0,0.0,0.0,2.0,0.0,26.0,33.0,78.8,1.0,17.0,0.0,0.0,0.0,Match Report,Virgil-van-Dijk,2023-24,,,,,,,,,D,1–1,1,1,0.0,0.0,1
482,0,2023-08-12,Sat,Premier League,Matchweek 1,Home,Everton,Fulham,N,0,0.0,0.0,0.0,0,0,0,0,0,0,,,0,,,,,,,,,,,,,,,Match Report,Vitaliy-Mykolenko,2023-24,0,0,0,0,0,0,0,0,L,0–1,0,1,0.0,1.0,1
483,0,2023-08-13,Sun,Premier League,Matchweek 1,Home,Brentford,Tottenham,Y,CM,90.0,0.0,0.0,0,0,1,1,0,0,31,1,0,1,0.0,0.0,0.0,4,0,20,25,80.0,3,13,0,0,0,Match Report,Vitaly-Janelt,2023-24,,,,,,,,,D,2–2,2,2,0.0,1.0,1
484,0,2023-08-11,Fri,Premier League,Matchweek 1,Home,Burnley,Manchester City,Y,LB,90.0,0.0,0.0,0,0,0,0,0,0,31,0,1,2,0.0,0.0,0.1,2,0,20,25,80.0,0,14,1,1,0,Match Report,Vitinho,2023-24,,,,,,,,,L,0–3,0,3,0.0,1.0,1
485,0,2023-08-12,Sat,Premier League,Matchweek 1,Away,West Ham,Bournemouth,Y,RB,90.0,0.0,0.0,0,0,0,0,0,0,64,2,3,1,0.0,0.0,0.1,2,0,35,52,67.3,3,20,1,1,0,Match Report,Vladimir-Coufal,2023-24,,,,,,,,,D,1–1,1,1,0.0,0.0,1
486,0,2023-08-12,Sat,Premier League,Matchweek 1,Home,Sheffield Utd,Crystal Palace,Y,GK,90.0,0.0,0.0,0,0,0,0,0,0,35,0,0,0,0.0,0.0,0.0,1,0,10,31,32.3,0,15,0,0,0,Match Report,Wes-Foderingham,2023-24,,,,,,,,,L,0–1,0,1,0.0,1.0,1
490,0,2023-08-12,Sat,Premier League,Matchweek 1,Home,Sheffield Utd,Crystal Palace,Y,FW,90.0,0.0,0.0,0,0,2,0,1,0,22,0,0,1,0.2,0.2,0.0,0,0,6,9,66.7,0,13,1,2,0,Match Report,William-Osula,2023-24,,,,,,,,,L,0–1,0,1,0.0,1.0,1
492,1,2023-08-12,Sat,Premier League,Matchweek 1,Home,Arsenal,Nott'ham Forest,Y,CB,90.0,0.0,1.0,0,0,0,0,0,0,132.0,0.0,0,0.0,0.0,0.0,0.0,2.0,1.0,127.0,130.0,97.7,7.0,114.0,0.0,0.0,0.0,Match Report,William-Saliba,2023-24,,,,,,,,,W,2–1,2,1,0.0,1.0,1
493,0,2023-08-12,Sat,Premier League,Matchweek 1,Away,Fulham,Everton,Y,LW,45.0,0.0,0.0,0,0,0,0,1,0,33,1,0,0,0.0,0.0,0.0,1,0,23,28,82.1,1,25,2,2,1,Match Report,Willian,2023-24,,,,,,,,,W,1–0,1,0,1.0,0.0,1
494,0,2023-08-12,Sat,Premier League,Matchweek 1,Away,Nott'ham Forest,Arsenal,Y,CB,90.0,0.0,0.0,0,0,1,1,0,0,40,2,0,1,0.2,0.2,0.3,1,0,23,31,74.2,2,15,0,0,0,Match Report,Willy-Boly,2023-24,,,,,,,,,L,1–2,1,2,0.0,0.0,1
496,0,2023-08-13,Sun,Premier League,Matchweek 1,Home,Brentford,Tottenham,Y,FW,71.0,1.0,0.0,0,0,3,2,0,0,31,1,1,4,0.3,0.3,0.1,2,0,12,18,66.7,3,12,2,1,1,Match Report,Yoane-Wissa,2023-24,,,,,,,,,D,2–2,2,2,0.0,1.0,1
497,0,2023-08-12,Sat,Premier League,Matchweek 1,Away,Aston Villa,Newcastle Utd,N,"CM,LW",45.0,0.0,0.0,0,0,0,0,0,0,25.0,0.0,0,0.0,0.0,0.0,0.1,1.0,0.0,21.0,24.0,87.5,4.0,18.0,1.0,1.0,0.0,Match Report,Youri-Tielemans,2023-24,,,,,,,,,L,1–5,1,5,0.0,0.0,1
498,0,2023-08-13,Sun,Premier League,Matchweek 1,Away,Tottenham,Brentford,Y,DM,90.0,0.0,0.0,0,0,3,0,0,0,130,3,4,1,0.0,0.0,0.0,3,0,107,116,92.2,10,108,4,6,5,Match Report,Yves-Bissouma,2023-24,,,,,,,,,D,2–2,2,2,0.0,0.0,1
